tournament_id,team_id,team_name,team_code,stage_target,matches_played,total_goals_scored,total_goals_conceded,total_wins,total_losses,total_draws,extra_time_games,penalty_shootouts,goal_difference,goals_per_match,conceded_per_match,win_rate,year,host_country,count_teams,is_host
WC-1930,T-03,Argentina,ARG,runnerup,5,18,9,4,1,0,0,0,9,3.6,1.8,0.8,1930,Uruguay,13,0
WC-1930,T-06,Belgium,BEL,group,2,0,4,0,2,0,0,0,-4,0.0,2.0,0.0,1930,Uruguay,13,0
WC-1930,T-07,Bolivia,BOL,group,2,0,8,0,2,0,0,0,-8,0.0,4.0,0.0,1930,Uruguay,13,0
WC-1930,T-09,Brazil,BRA,group,2,5,2,1,1,0,0,0,3,2.5,1.0,0.5,1930,Uruguay,13,0
WC-1930,T-13,Chile,CHL,group,3,5,3,2,1,0,0,0,2,1.6666666666666667,1.0,0.6666666666666666,1930,Uruguay,13,0
WC-1930,T-30,France,FRA,group,3,4,3,1,2,0,0,0,1,1.3333333333333333,1.0,0.3333333333333333,1930,Uruguay,13,0
WC-1930,T-46,Mexico,MEX,group,3,4,13,0,3,0,0,0,-9,1.3333333333333333,4.333333333333333,0.0,1930,Uruguay,13,0
WC-1930,T-55,Paraguay,PRY,group,2,1,3,1,1,0,0,0,-2,0.5,1.5,0.5,1930,Uruguay,13,0
WC-1930,T-56,Peru,PER,group,2,1,4,0,2,0,0,0,-3,0.5,2.0,0.0,1930,Uruguay,13,0
WC-1930,T-61,Romania,ROU,group,2,3,5,1,1,0,0,0,-2,1.5,2.5,0.5,1930,Uruguay,13,0
WC-1930,T-83,United States,USA,sf,3,7,6,2,1,0,0,0,1,2.3333333333333335,2.0,0.6666666666666666,1930,Uruguay,13,0
WC-1930,T-84,Uruguay,URY,champion,4,15,3,4,0,0,0,0,12,3.75,0.75,1.0,1930,Uruguay,13,1
WC-1930,T-87,Yugoslavia,YUG,sf,3,7,7,2,1,0,0,0,0,2.3333333333333335,2.3333333333333335,0.6666666666666666,1930,Uruguay,13,0
WC-1934,T-03,Argentina,ARG,roundof16,1,2,3,0,1,0,0,0,-1,2.0,3.0,0.0,1934,Italy,16,0
WC-1934,T-05,Austria,AUT,sf,4,7,7,2,2,0,1,0,0,1.75,1.75,0.5,1934,Italy,16,0
WC-1934,T-06,Belgium,BEL,roundof16,1,2,5,0,1,0,0,0,-3,2.0,5.0,0.0,1934,Italy,16,0
WC-1934,T-09,Brazil,BRA,roundof16,1,1,3,0,1,0,0,0,-2,1.0,3.0,0.0,1934,Italy,16,0
WC-1934,T-21,Czechoslovakia,CSK,runnerup,4,9,6,3,1,0,1,0,3,2.25,1.5,0.75,1934,Italy,16,0
WC-1934,T-26,Egypt,EGY,roundof16,1,2,4,0,1,0,0,0,-2,2.0,4.0,0.0,1934,Italy,16,0
WC-1934,T-30,France,FRA,roundof16,1,2,3,0,1,0,1,0,-1,2.0,3.0,0.0,1934,Italy,16,0
WC-1934,T-31,Germany,DEU,sf,4,11,8,3,1,0,0,0,3,2.75,2.0,0.75,1934,Italy,16,0
WC-1934,T-36,Hungary,HUN,qf,2,5,4,1,1,0,0,0,1,2.5,2.0,0.5,1934,Italy,16,0
WC-1934,T-41,Italy,ITA,champion,5,12,3,4,0,1,2,0,9,2.4,0.6,0.8,1934,Italy,16,1
WC-1934,T-48,Netherlands,NLD,roundof16,1,2,3,0,1,0,0,0,-1,2.0,3.0,0.0,1934,Italy,16,0
WC-1934,T-61,Romania,ROU,roundof16,1,1,2,0,1,0,0,0,-1,1.0,2.0,0.0,1934,Italy,16,0
WC-1934,T-73,Spain,ESP,qf,3,4,3,1,1,1,1,0,1,1.3333333333333333,1.0,0.3333333333333333,1934,Italy,16,0
WC-1934,T-74,Sweden,SWE,qf,2,4,4,1,1,0,0,0,0,2.0,2.0,0.5,1934,Italy,16,0
WC-1934,T-75,Switzerland,CHE,qf,2,5,5,1,1,0,0,0,0,2.5,2.5,0.5,1934,Italy,16,0
WC-1934,T-83,United States,USA,roundof16,1,1,7,0,1,0,0,0,-6,1.0,7.0,0.0,1934,Italy,16,0
WC-1938,T-06,Belgium,BEL,roundof16,1,1,3,0,1,0,0,0,-2,1.0,3.0,0.0,1938,France,15,0
WC-1938,T-09,Brazil,BRA,sf,5,14,11,3,1,1,2,0,3,2.8,2.2,0.6,1938,France,15,0
WC-1938,T-19,Cuba,CUB,qf,3,5,12,1,1,1,1,0,-7,1.6666666666666667,4.0,0.3333333333333333,1938,France,15,0
WC-1938,T-21,Czechoslovakia,CSK,qf,3,5,3,1,1,1,2,0,2,1.6666666666666667,1.0,0.3333333333333333,1938,France,15,0
WC-1938,T-23,Dutch East Indies,IDN,roundof16,1,0,6,0,1,0,0,0,-6,0.0,6.0,0.0,1938,France,15,0
WC-1938,T-30,France,FRA,qf,2,4,4,1,1,0,0,0,0,2.0,2.0,0.5,1938,France,15,1
WC-1938,T-31,Germany,DEU,roundof16,2,3,5,0,1,1,1,0,-2,1.5,2.5,0.0,1938,France,15,0
WC-1938,T-36,Hungary,HUN,runnerup,4,15,5,3,1,0,0,0,10,3.75,1.25,0.75,1938,France,15,0
WC-1938,T-41,Italy,ITA,champion,4,11,5,4,0,0,1,0,6,2.75,1.25,1.0,1938,France,15,0
WC-1938,T-48,Netherlands,NLD,roundof16,1,0,3,0,1,0,1,0,-3,0.0,3.0,0.0,1938,France,15,0
WC-1938,T-53,Norway,NOR,roundof16,1,1,2,0,1,0,1,0,-1,1.0,2.0,0.0,1938,France,15,0
WC-1938,T-57,Poland,POL,roundof16,1,5,6,0,1,0,1,0,-1,5.0,6.0,0.0,1938,France,15,0
WC-1938,T-61,Romania,ROU,roundof16,2,4,5,0,1,1,1,0,-1,2.0,2.5,0.0,1938,France,15,0
WC-1938,T-74,Sweden,SWE,sf,3,11,9,1,2,0,0,0,2,3.6666666666666665,3.0,0.3333333333333333,1938,France,15,0
WC-1938,T-75,Switzerland,CHE,qf,3,5,5,1,1,1,1,0,0,1.6666666666666667,1.6666666666666667,0.3333333333333333,1938,France,15,0
WC-1950,T-07,Bolivia,BOL,group,1,0,8,0,1,0,0,0,-8,0.0,8.0,0.0,1950,Brazil,13,0
WC-1950,T-09,Brazil,BRA,group,6,22,6,4,1,1,0,0,16,3.6666666666666665,1.0,0.6666666666666666,1950,Brazil,13,1
WC-1950,T-13,Chile,CHL,group,3,5,6,1,2,0,0,0,-1,1.6666666666666667,2.0,0.3333333333333333,1950,Brazil,13,0
WC-1950,T-28,England,ENG,group,3,2,2,1,2,0,0,0,0,0.6666666666666666,0.6666666666666666,0.3333333333333333,1950,Brazil,13,0
WC-1950,T-41,Italy,ITA,group,2,4,3,1,1,0,0,0,1,2.0,1.5,0.5,1950,Brazil,13,0
WC-1950,T-46,Mexico,MEX,group,3,2,10,0,3,0,0,0,-8,0.6666666666666666,3.3333333333333335,0.0,1950,Brazil,13,0
WC-1950,T-55,Paraguay,PRY,group,2,2,4,0,1,1,0,0,-2,1.0,2.0,0.0,1950,Brazil,13,0
WC-1950,T-73,Spain,ESP,group,6,10,12,3,2,1,0,0,-2,1.6666666666666667,2.0,0.5,1950,Brazil,13,0
WC-1950,T-74,Sweden,SWE,group,5,11,15,2,2,1,0,0,-4,2.2,3.0,0.4,1950,Brazil,13,0
WC-1950,T-75,Switzerland,CHE,group,3,4,6,1,1,1,0,0,-2,1.3333333333333333,2.0,0.3333333333333333,1950,Brazil,13,0
WC-1950,T-83,United States,USA,group,3,4,8,1,2,0,0,0,-4,1.3333333333333333,2.6666666666666665,0.3333333333333333,1950,Brazil,13,0
WC-1950,T-84,Uruguay,URY,champion,4,15,5,3,0,1,0,0,10,3.75,1.25,0.75,1950,Brazil,13,0
WC-1950,T-87,Yugoslavia,YUG,group,3,7,3,2,1,0,0,0,4,2.3333333333333335,1.0,0.6666666666666666,1950,Brazil,13,0
WC-1954,T-05,Austria,AUT,sf,5,17,12,4,1,0,0,0,5,3.4,2.4,0.8,1954,Switzerland,16,0
WC-1954,T-06,Belgium,BEL,group,2,5,8,0,1,1,1,0,-3,2.5,4.0,0.0,1954,Switzerland,16,0
WC-1954,T-09,Brazil,BRA,qf,3,8,5,1,1,1,1,0,3,2.6666666666666665,1.6666666666666667,0.3333333333333333,1954,Switzerland,16,0
WC-1954,T-21,Czechoslovakia,CSK,group,2,0,7,0,2,0,0,0,-7,0.0,3.5,0.0,1954,Switzerland,16,0
WC-1954,T-28,England,ENG,qf,3,8,8,1,1,1,1,0,0,2.6666666666666665,2.6666666666666665,0.3333333333333333,1954,Switzerland,16,0
WC-1954,T-30,France,FRA,group,2,3,3,1,1,0,0,0,0,1.5,1.5,0.5,1954,Switzerland,16,0
WC-1954,T-36,Hungary,HUN,runnerup,5,27,10,4,1,0,1,0,17,5.4,2.0,0.8,1954,Switzerland,16,0
WC-1954,T-41,Italy,ITA,group,3,6,7,1,2,0,0,0,-1,2.0,2.3333333333333335,0.3333333333333333,1954,Switzerland,16,0
WC-1954,T-46,Mexico,MEX,group,2,2,8,0,2,0,0,0,-6,1.0,4.0,0.0,1954,Switzerland,16,0
WC-1954,T-64,Scotland,SCO,group,2,0,8,0,2,0,0,0,-8,0.0,4.0,0.0,1954,Switzerland,16,0
WC-1954,T-71,South Korea,KOR,group,2,0,16,0,2,0,0,0,-16,0.0,8.0,0.0,1954,Switzerland,16,0
WC-1954,T-75,Switzerland,CHE,qf,4,11,11,2,2,0,0,0,0,2.75,2.75,0.5,1954,Switzerland,16,1
WC-1954,T-80,Turkey,TUR,group,3,10,11,1,2,0,0,0,-1,3.3333333333333335,3.6666666666666665,0.3333333333333333,1954,Switzerland,16,0
WC-1954,T-84,Uruguay,URY,sf,5,16,9,3,2,0,1,0,7,3.2,1.8,0.6,1954,Switzerland,16,0
WC-1954,T-86,West Germany,DEU,champion,6,25,14,5,1,0,0,0,11,4.166666666666667,2.3333333333333335,0.8333333333333334,1954,Switzerland,16,0
WC-1954,T-87,Yugoslavia,YUG,qf,3,2,3,1,1,1,1,0,-1,0.6666666666666666,1.0,0.3333333333333333,1954,Switzerland,16,0
WC-1958,T-03,Argentina,ARG,group,3,5,10,1,2,0,0,0,-5,1.6666666666666667,3.3333333333333335,0.3333333333333333,1958,Sweden,16,0
WC-1958,T-05,Austria,AUT,group,3,2,7,0,2,1,0,0,-5,0.6666666666666666,2.3333333333333335,0.0,1958,Sweden,16,0
WC-1958,T-09,Brazil,BRA,champion,6,16,4,5,0,1,0,0,12,2.6666666666666665,0.6666666666666666,0.8333333333333334,1958,Sweden,16,0
WC-1958,T-21,Czechoslovakia,CSK,group,4,9,6,1,2,1,1,0,3,2.25,1.5,0.25,1958,Sweden,16,0
WC-1958,T-28,England,ENG,group,4,4,5,0,1,3,0,0,-1,1.0,1.25,0.0,1958,Sweden,16,0
WC-1958,T-30,France,FRA,sf,6,23,15,4,2,0,0,0,8,3.8333333333333335,2.5,0.6666666666666666,1958,Sweden,16,0
WC-1958,T-36,Hungary,HUN,group,4,7,5,1,2,1,0,0,2,1.75,1.25,0.25,1958,Sweden,16,0
WC-1958,T-46,Mexico,MEX,group,3,1,8,0,2,1,0,0,-7,0.3333333333333333,2.6666666666666665,0.0,1958,Sweden,16,0
WC-1958,T-52,Northern Ireland,NIR,qf,5,6,10,2,2,1,1,0,-4,1.2,2.0,0.4,1958,Sweden,16,0
WC-1958,T-55,Paraguay,PRY,group,3,9,12,1,1,1,0,0,-3,3.0,4.0,0.3333333333333333,1958,Sweden,16,0
WC-1958,T-64,Scotland,SCO,group,3,4,6,0,2,1,0,0,-2,1.3333333333333333,2.0,0.0,1958,Sweden,16,0
WC-1958,T-72,Soviet Union,SUN,qf,5,5,6,2,2,1,0,0,-1,1.0,1.2,0.4,1958,Sweden,16,0
WC-1958,T-74,Sweden,SWE,runnerup,6,12,7,4,1,1,0,0,5,2.0,1.1666666666666667,0.6666666666666666,1958,Sweden,16,1
WC-1958,T-85,Wales,WAL,qf,5,4,4,1,1,3,0,0,0,0.8,0.8,0.2,1958,Sweden,16,0
WC-1958,T-86,West Germany,DEU,sf,6,12,14,2,2,2,0,0,-2,2.0,2.3333333333333335,0.3333333333333333,1958,Sweden,16,0
WC-1958,T-87,Yugoslavia,YUG,qf,4,7,7,1,1,2,0,0,0,1.75,1.75,0.25,1958,Sweden,16,0
WC-1962,T-03,Argentina,ARG,group,3,2,3,1,1,1,0,0,-1,0.6666666666666666,1.0,0.3333333333333333,1962,Chile,16,0
WC-1962,T-09,Brazil,BRA,champion,6,14,5,5,0,1,0,0,9,2.3333333333333335,0.8333333333333334,0.8333333333333334,1962,Chile,16,0
WC-1962,T-10,Bulgaria,BGR,group,3,1,7,0,2,1,0,0,-6,0.3333333333333333,2.3333333333333335,0.0,1962,Chile,16,0
WC-1962,T-13,Chile,CHL,sf,6,10,8,4,2,0,0,0,2,1.6666666666666667,1.3333333333333333,0.6666666666666666,1962,Chile,16,1
WC-1962,T-16,Colombia,COL,group,3,5,11,0,2,1,0,0,-6,1.6666666666666667,3.6666666666666665,0.0,1962,Chile,16,0
WC-1962,T-21,Czechoslovakia,CSK,runnerup,6,7,7,3,2,1,0,0,0,1.1666666666666667,1.1666666666666667,0.5,1962,Chile,16,0
WC-1962,T-28,England,ENG,qf,4,5,6,1,2,1,0,0,-1,1.25,1.5,0.25,1962,Chile,16,0
WC-1962,T-36,Hungary,HUN,qf,4,8,3,2,1,1,0,0,5,2.0,0.75,0.5,1962,Chile,16,0
WC-1962,T-41,Italy,ITA,group,3,3,2,1,1,1,0,0,1,1.0,0.6666666666666666,0.3333333333333333,1962,Chile,16,0
WC-1962,T-46,Mexico,MEX,group,3,3,4,1,2,0,0,0,-1,1.0,1.3333333333333333,0.3333333333333333,1962,Chile,16,0
WC-1962,T-72,Soviet Union,SUN,qf,4,9,7,2,1,1,0,0,2,2.25,1.75,0.5,1962,Chile,16,0
WC-1962,T-73,Spain,ESP,group,3,2,3,1,2,0,0,0,-1,0.6666666666666666,1.0,0.3333333333333333,1962,Chile,16,0
WC-1962,T-75,Switzerland,CHE,group,3,2,8,0,3,0,0,0,-6,0.6666666666666666,2.6666666666666665,0.0,1962,Chile,16,0
WC-1962,T-84,Uruguay,URY,group,3,4,6,1,2,0,0,0,-2,1.3333333333333333,2.0,0.3333333333333333,1962,Chile,16,0
WC-1962,T-86,West Germany,DEU,qf,4,4,2,2,1,1,0,0,2,1.0,0.5,0.5,1962,Chile,16,0
WC-1962,T-87,Yugoslavia,YUG,sf,6,10,7,3,3,0,0,0,3,1.6666666666666667,1.1666666666666667,0.5,1962,Chile,16,0
WC-1966,T-03,Argentina,ARG,qf,4,4,2,2,1,1,0,0,2,1.0,0.5,0.5,1966,England,16,0
WC-1966,T-09,Brazil,BRA,group,3,4,6,1,2,0,0,0,-2,1.3333333333333333,2.0,0.3333333333333333,1966,England,16,0
WC-1966,T-10,Bulgaria,BGR,group,3,1,8,0,3,0,0,0,-7,0.3333333333333333,2.6666666666666665,0.0,1966,England,16,0
WC-1966,T-13,Chile,CHL,group,3,2,5,0,2,1,0,0,-3,0.6666666666666666,1.6666666666666667,0.0,1966,England,16,0
WC-1966,T-28,England,ENG,champion,6,11,3,5,0,1,1,0,8,1.8333333333333333,0.5,0.8333333333333334,1966,England,16,1
WC-1966,T-30,France,FRA,group,3,2,5,0,2,1,0,0,-3,0.6666666666666666,1.6666666666666667,0.0,1966,England,16,0
WC-1966,T-36,Hungary,HUN,qf,4,8,7,2,2,0,0,0,1,2.0,1.75,0.5,1966,England,16,0
WC-1966,T-41,Italy,ITA,group,3,2,2,1,2,0,0,0,0,0.6666666666666666,0.6666666666666666,0.3333333333333333,1966,England,16,0
WC-1966,T-46,Mexico,MEX,group,3,1,3,0,1,2,0,0,-2,0.3333333333333333,1.0,0.0,1966,England,16,0
WC-1966,T-51,North Korea,PRK,qf,4,5,9,1,2,1,0,0,-4,1.25,2.25,0.25,1966,England,16,0
WC-1966,T-58,Portugal,PRT,sf,6,17,8,5,1,0,0,0,9,2.8333333333333335,1.3333333333333333,0.8333333333333334,1966,England,16,0
WC-1966,T-72,Soviet Union,SUN,sf,6,10,6,4,2,0,0,0,4,1.6666666666666667,1.0,0.6666666666666666,1966,England,16,0
WC-1966,T-73,Spain,ESP,group,3,4,5,1,2,0,0,0,-1,1.3333333333333333,1.6666666666666667,0.3333333333333333,1966,England,16,0
WC-1966,T-75,Switzerland,CHE,group,3,1,9,0,3,0,0,0,-8,0.3333333333333333,3.0,0.0,1966,England,16,0
WC-1966,T-84,Uruguay,URY,qf,4,2,5,1,1,2,0,0,-3,0.5,1.25,0.25,1966,England,16,0
WC-1966,T-86,West Germany,DEU,runnerup,6,15,6,4,1,1,1,0,9,2.5,1.0,0.6666666666666666,1966,England,16,0
WC-1970,T-06,Belgium,BEL,group,3,4,5,1,2,0,0,0,-1,1.3333333333333333,1.6666666666666667,0.3333333333333333,1970,Mexico,16,0
WC-1970,T-09,Brazil,BRA,champion,6,19,7,6,0,0,0,0,12,3.1666666666666665,1.1666666666666667,1.0,1970,Mexico,16,0
WC-1970,T-10,Bulgaria,BGR,group,3,5,9,0,2,1,0,0,-4,1.6666666666666667,3.0,0.0,1970,Mexico,16,0
WC-1970,T-21,Czechoslovakia,CSK,group,3,2,7,0,3,0,0,0,-5,0.6666666666666666,2.3333333333333335,0.0,1970,Mexico,16,0
WC-1970,T-27,El Salvador,SLV,group,3,0,9,0,3,0,0,0,-9,0.0,3.0,0.0,1970,Mexico,16,0
WC-1970,T-28,England,ENG,qf,4,4,4,2,2,0,1,0,0,1.0,1.0,0.5,1970,Mexico,16,0
WC-1970,T-40,Israel,ISR,group,3,1,3,0,1,2,0,0,-2,0.3333333333333333,1.0,0.0,1970,Mexico,16,0
WC-1970,T-41,Italy,ITA,runnerup,6,10,8,3,1,2,1,0,2,1.6666666666666667,1.3333333333333333,0.5,1970,Mexico,16,0
WC-1970,T-46,Mexico,MEX,qf,4,6,4,2,1,1,0,0,2,1.5,1.0,0.5,1970,Mexico,16,1
WC-1970,T-47,Morocco,MAR,group,3,2,6,0,2,1,0,0,-4,0.6666666666666666,2.0,0.0,1970,Mexico,16,0
WC-1970,T-56,Peru,PER,qf,4,9,9,2,2,0,0,0,0,2.25,2.25,0.5,1970,Mexico,16,0
WC-1970,T-61,Romania,ROU,group,3,4,5,1,2,0,0,0,-1,1.3333333333333333,1.6666666666666667,0.3333333333333333,1970,Mexico,16,0
WC-1970,T-72,Soviet Union,SUN,qf,4,6,2,2,1,1,1,0,4,1.5,0.5,0.5,1970,Mexico,16,0
WC-1970,T-74,Sweden,SWE,group,3,2,2,1,1,1,0,0,0,0.6666666666666666,0.6666666666666666,0.3333333333333333,1970,Mexico,16,0
WC-1970,T-84,Uruguay,URY,sf,6,4,5,2,3,1,1,0,-1,0.6666666666666666,0.8333333333333334,0.3333333333333333,1970,Mexico,16,0
WC-1970,T-86,West Germany,DEU,sf,6,17,10,5,1,0,2,0,7,2.8333333333333335,1.6666666666666667,0.8333333333333334,1970,Mexico,16,0
WC-1974,T-03,Argentina,ARG,group,6,9,12,1,3,2,0,0,-3,1.5,2.0,0.16666666666666666,1974,West Germany,16,0
WC-1974,T-04,Australia,AUS,group,3,0,5,0,2,1,0,0,-5,0.0,1.6666666666666667,0.0,1974,West Germany,16,0
WC-1974,T-09,Brazil,BRA,sf,7,6,4,3,2,2,0,0,2,0.8571428571428571,0.5714285714285714,0.42857142857142855,1974,West Germany,16,0
WC-1974,T-10,Bulgaria,BGR,group,3,2,5,0,1,2,0,0,-3,0.6666666666666666,1.6666666666666667,0.0,1974,West Germany,16,0
WC-1974,T-13,Chile,CHL,group,3,1,2,0,1,2,0,0,-1,0.3333333333333333,0.6666666666666666,0.0,1974,West Germany,16,0
WC-1974,T-24,East Germany,DDR,group,6,5,5,2,2,2,0,0,0,0.8333333333333334,0.8333333333333334,0.3333333333333333,1974,West Germany,16,0
WC-1974,T-34,Haiti,HTI,group,3,2,14,0,3,0,0,0,-12,0.6666666666666666,4.666666666666667,0.0,1974,West Germany,16,0
WC-1974,T-41,Italy,ITA,group,3,5,4,1,1,1,0,0,1,1.6666666666666667,1.3333333333333333,0.3333333333333333,1974,West Germany,16,0
WC-1974,T-48,Netherlands,NLD,runnerup,7,15,3,5,1,1,0,0,12,2.142857142857143,0.42857142857142855,0.7142857142857143,1974,West Germany,16,0
WC-1974,T-57,Poland,POL,sf,7,16,5,6,1,0,0,0,11,2.2857142857142856,0.7142857142857143,0.8571428571428571,1974,West Germany,16,0
WC-1974,T-64,Scotland,SCO,group,3,3,1,1,0,2,0,0,2,1.0,0.3333333333333333,0.3333333333333333,1974,West Germany,16,0
WC-1974,T-74,Sweden,SWE,group,6,7,6,2,2,2,0,0,1,1.1666666666666667,1.0,0.3333333333333333,1974,West Germany,16,0
WC-1974,T-84,Uruguay,URY,group,3,1,6,0,2,1,0,0,-5,0.3333333333333333,2.0,0.0,1974,West Germany,16,0
WC-1974,T-86,West Germany,DEU,champion,7,13,4,6,1,0,0,0,9,1.8571428571428572,0.5714285714285714,0.8571428571428571,1974,West Germany,16,1
WC-1974,T-87,Yugoslavia,YUG,group,6,12,7,1,3,2,0,0,5,2.0,1.1666666666666667,0.16666666666666666,1974,West Germany,16,0
WC-1974,T-88,Zaire,COD,group,3,0,14,0,3,0,0,0,-14,0.0,4.666666666666667,0.0,1974,West Germany,16,0
WC-1978,T-03,Argentina,ARG,champion,7,15,4,5,1,1,1,0,11,2.142857142857143,0.5714285714285714,0.7142857142857143,1978,Argentina,16,1
WC-1978,T-05,Austria,AUT,group,6,7,10,3,3,0,0,0,-3,1.1666666666666667,1.6666666666666667,0.5,1978,Argentina,16,0
WC-1978,T-09,Brazil,BRA,sf,7,10,3,4,0,3,0,0,7,1.4285714285714286,0.42857142857142855,0.5714285714285714,1978,Argentina,16,0
WC-1978,T-30,France,FRA,group,3,5,5,1,2,0,0,0,0,1.6666666666666667,1.6666666666666667,0.3333333333333333,1978,Argentina,16,0
WC-1978,T-36,Hungary,HUN,group,3,3,8,0,3,0,0,0,-5,1.0,2.6666666666666665,0.0,1978,Argentina,16,0
WC-1978,T-38,Iran,IRN,group,3,2,8,0,2,1,0,0,-6,0.6666666666666666,2.6666666666666665,0.0,1978,Argentina,16,0
WC-1978,T-41,Italy,ITA,sf,7,9,6,4,2,1,0,0,3,1.2857142857142858,0.8571428571428571,0.5714285714285714,1978,Argentina,16,0
WC-1978,T-46,Mexico,MEX,group,3,2,12,0,3,0,0,0,-10,0.6666666666666666,4.0,0.0,1978,Argentina,16,0
WC-1978,T-48,Netherlands,NLD,runnerup,7,15,10,3,2,2,1,0,5,2.142857142857143,1.4285714285714286,0.42857142857142855,1978,Argentina,16,0
WC-1978,T-56,Peru,PER,group,6,7,12,2,3,1,0,0,-5,1.1666666666666667,2.0,0.3333333333333333,1978,Argentina,16,0
WC-1978,T-57,Poland,POL,group,6,6,6,3,2,1,0,0,0,1.0,1.0,0.5,1978,Argentina,16,0
WC-1978,T-64,Scotland,SCO,group,3,5,6,1,1,1,0,0,-1,1.6666666666666667,2.0,0.3333333333333333,1978,Argentina,16,0
WC-1978,T-73,Spain,ESP,group,3,2,2,1,1,1,0,0,0,0.6666666666666666,0.6666666666666666,0.3333333333333333,1978,Argentina,16,0
WC-1978,T-74,Sweden,SWE,group,3,1,3,0,2,1,0,0,-2,0.3333333333333333,1.0,0.0,1978,Argentina,16,0
WC-1978,T-79,Tunisia,TUN,group,3,3,2,1,1,1,0,0,1,1.0,0.6666666666666666,0.3333333333333333,1978,Argentina,16,0
WC-1978,T-86,West Germany,DEU,group,6,10,5,1,1,4,0,0,5,1.6666666666666667,0.8333333333333334,0.16666666666666666,1978,Argentina,16,0
WC-1982,T-01,Algeria,DZA,group,3,5,5,2,1,0,0,0,0,1.6666666666666667,1.6666666666666667,0.6666666666666666,1982,Spain,24,0
WC-1982,T-03,Argentina,ARG,group,5,8,7,2,3,0,0,0,1,1.6,1.4,0.4,1982,Spain,24,0
WC-1982,T-05,Austria,AUT,group,5,5,4,2,2,1,0,0,1,1.0,0.8,0.4,1982,Spain,24,0
WC-1982,T-06,Belgium,BEL,group,5,3,5,2,2,1,0,0,-2,0.6,1.0,0.4,1982,Spain,24,0
WC-1982,T-09,Brazil,BRA,group,5,15,6,4,1,0,0,0,9,3.0,1.2,0.8,1982,Spain,24,0
WC-1982,T-11,Cameroon,CMR,group,3,1,1,0,0,3,0,0,0,0.3333333333333333,0.3333333333333333,0.0,1982,Spain,24,0
WC-1982,T-13,Chile,CHL,group,3,3,8,0,3,0,0,0,-5,1.0,2.6666666666666665,0.0,1982,Spain,24,0
WC-1982,T-21,Czechoslovakia,CSK,group,3,2,4,0,1,2,0,0,-2,0.6666666666666666,1.3333333333333333,0.0,1982,Spain,24,0
WC-1982,T-27,El Salvador,SLV,group,3,1,13,0,3,0,0,0,-12,0.3333333333333333,4.333333333333333,0.0,1982,Spain,24,0
WC-1982,T-28,England,ENG,group,5,6,1,3,0,2,0,0,5,1.2,0.2,0.6,1982,Spain,24,0
WC-1982,T-30,France,FRA,sf,7,16,12,3,3,1,1,1,4,2.2857142857142856,1.7142857142857142,0.42857142857142855,1982,Spain,24,0
WC-1982,T-35,Honduras,HND,group,3,2,3,0,1,2,0,0,-1,0.6666666666666666,1.0,0.0,1982,Spain,24,0
WC-1982,T-36,Hungary,HUN,group,3,12,6,1,1,1,0,0,6,4.0,2.0,0.3333333333333333,1982,Spain,24,0
WC-1982,T-41,Italy,ITA,champion,7,12,6,4,0,3,0,0,6,1.7142857142857142,0.8571428571428571,0.5714285714285714,1982,Spain,24,0
WC-1982,T-45,Kuwait,KWT,group,3,2,6,0,2,1,0,0,-4,0.6666666666666666,2.0,0.0,1982,Spain,24,0
WC-1982,T-49,New Zealand,NZL,group,3,2,12,0,3,0,0,0,-10,0.6666666666666666,4.0,0.0,1982,Spain,24,0
WC-1982,T-52,Northern Ireland,NIR,group,5,5,7,1,1,3,0,0,-2,1.0,1.4,0.2,1982,Spain,24,0
WC-1982,T-56,Peru,PER,group,3,2,6,0,1,2,0,0,-4,0.6666666666666666,2.0,0.0,1982,Spain,24,0
WC-1982,T-57,Poland,POL,sf,7,11,5,3,1,3,0,0,6,1.5714285714285714,0.7142857142857143,0.42857142857142855,1982,Spain,24,0
WC-1982,T-64,Scotland,SCO,group,3,8,8,1,1,1,0,0,0,2.6666666666666665,2.6666666666666665,0.3333333333333333,1982,Spain,24,0
WC-1982,T-72,Soviet Union,SUN,group,5,7,4,2,1,2,0,0,3,1.4,0.8,0.4,1982,Spain,24,0
WC-1982,T-73,Spain,ESP,group,5,4,5,1,2,2,0,0,-1,0.8,1.0,0.2,1982,Spain,24,1
WC-1982,T-86,West Germany,DEU,runnerup,7,12,10,4,2,1,1,1,2,1.7142857142857142,1.4285714285714286,0.5714285714285714,1982,Spain,24,0
WC-1982,T-87,Yugoslavia,YUG,group,3,2,2,1,1,1,0,0,0,0.6666666666666666,0.6666666666666666,0.3333333333333333,1982,Spain,24,0
WC-1986,T-01,Algeria,DZA,group,3,1,5,0,2,1,0,0,-4,0.3333333333333333,1.6666666666666667,0.0,1986,Mexico,24,0
WC-1986,T-03,Argentina,ARG,champion,7,14,5,6,0,1,0,0,9,2.0,0.7142857142857143,0.8571428571428571,1986,Mexico,24,0
WC-1986,T-06,Belgium,BEL,sf,7,12,15,3,3,1,3,1,-3,1.7142857142857142,2.142857142857143,0.42857142857142855,1986,Mexico,24,0
WC-1986,T-09,Brazil,BRA,qf,5,10,1,4,1,0,1,1,9,2.0,0.2,0.8,1986,Mexico,24,0
WC-1986,T-10,Bulgaria,BGR,roundof16,4,2,6,0,2,2,0,0,-4,0.5,1.5,0.0,1986,Mexico,24,0
WC-1986,T-12,Canada,CAN,group,3,0,5,0,3,0,0,0,-5,0.0,1.6666666666666667,0.0,1986,Mexico,24,0
WC-1986,T-22,Denmark,DNK,roundof16,4,10,6,3,1,0,0,0,4,2.5,1.5,0.75,1986,Mexico,24,0
WC-1986,T-28,England,ENG,qf,5,7,3,2,2,1,0,0,4,1.4,0.6,0.4,1986,Mexico,24,0
WC-1986,T-30,France,FRA,sf,7,12,6,5,1,1,2,1,6,1.7142857142857142,0.8571428571428571,0.7142857142857143,1986,Mexico,24,0
WC-1986,T-36,Hungary,HUN,group,3,2,9,1,2,0,0,0,-7,0.6666666666666666,3.0,0.3333333333333333,1986,Mexico,24,0
WC-1986,T-39,Iraq,IRQ,group,3,1,4,0,3,0,0,0,-3,0.3333333333333333,1.3333333333333333,0.0,1986,Mexico,24,0
WC-1986,T-41,Italy,ITA,roundof16,4,5,6,1,1,2,0,0,-1,1.25,1.5,0.25,1986,Mexico,24,0
WC-1986,T-46,Mexico,MEX,qf,5,6,2,3,1,1,1,1,4,1.2,0.4,0.6,1986,Mexico,24,1
WC-1986,T-47,Morocco,MAR,roundof16,4,3,2,1,1,2,0,0,1,0.75,0.5,0.25,1986,Mexico,24,0
WC-1986,T-52,Northern Ireland,NIR,group,3,2,6,0,2,1,0,0,-4,0.6666666666666666,2.0,0.0,1986,Mexico,24,0
WC-1986,T-55,Paraguay,PRY,roundof16,4,4,6,1,1,2,0,0,-2,1.0,1.5,0.25,1986,Mexico,24,0
WC-1986,T-57,Poland,POL,roundof16,4,1,7,1,2,1,0,0,-6,0.25,1.75,0.25,1986,Mexico,24,0
WC-1986,T-58,Portugal,PRT,group,3,2,4,1,2,0,0,0,-2,0.6666666666666666,1.3333333333333333,0.3333333333333333,1986,Mexico,24,0
WC-1986,T-64,Scotland,SCO,group,3,1,3,0,2,1,0,0,-2,0.3333333333333333,1.0,0.0,1986,Mexico,24,0
WC-1986,T-71,South Korea,KOR,group,3,4,7,0,2,1,0,0,-3,1.3333333333333333,2.3333333333333335,0.0,1986,Mexico,24,0
WC-1986,T-72,Soviet Union,SUN,roundof16,4,12,5,2,1,1,1,0,7,3.0,1.25,0.5,1986,Mexico,24,0
WC-1986,T-73,Spain,ESP,qf,5,11,4,3,2,0,1,1,7,2.2,0.8,0.6,1986,Mexico,24,0
WC-1986,T-84,Uruguay,URY,roundof16,4,2,8,0,2,2,0,0,-6,0.5,2.0,0.0,1986,Mexico,24,0
WC-1986,T-86,West Germany,DEU,runnerup,7,8,7,4,2,1,1,1,1,1.1428571428571428,1.0,0.5714285714285714,1986,Mexico,24,0
WC-1990,T-03,Argentina,ARG,runnerup,7,5,4,4,2,1,2,2,1,0.7142857142857143,0.5714285714285714,0.5714285714285714,1990,Italy,24,0
WC-1990,T-05,Austria,AUT,group,3,2,3,1,2,0,0,0,-1,0.6666666666666666,1.0,0.3333333333333333,1990,Italy,24,0
WC-1990,T-06,Belgium,BEL,roundof16,4,6,4,2,2,0,1,0,2,1.5,1.0,0.5,1990,Italy,24,0
WC-1990,T-09,Brazil,BRA,roundof16,4,4,2,3,1,0,0,0,2,1.0,0.5,0.75,1990,Italy,24,0
WC-1990,T-11,Cameroon,CMR,qf,5,7,9,3,2,0,2,0,-2,1.4,1.8,0.6,1990,Italy,24,0
WC-1990,T-16,Colombia,COL,roundof16,4,4,4,1,2,1,1,0,0,1.0,1.0,0.25,1990,Italy,24,0
WC-1990,T-17,Costa Rica,CRI,roundof16,4,4,6,2,2,0,0,0,-2,1.0,1.5,0.5,1990,Italy,24,0
WC-1990,T-21,Czechoslovakia,CSK,qf,5,10,5,3,2,0,0,0,5,2.0,1.0,0.6,1990,Italy,24,0
WC-1990,T-26,Egypt,EGY,group,3,1,2,0,1,2,0,0,-1,0.3333333333333333,0.6666666666666666,0.0,1990,Italy,24,0
WC-1990,T-28,England,ENG,sf,7,8,6,3,2,2,3,1,2,1.1428571428571428,0.8571428571428571,0.42857142857142855,1990,Italy,24,0
WC-1990,T-41,Italy,ITA,sf,7,10,2,6,1,0,1,1,8,1.4285714285714286,0.2857142857142857,0.8571428571428571,1990,Italy,24,1
WC-1990,T-48,Netherlands,NLD,roundof16,4,3,4,0,1,3,0,0,-1,0.75,1.0,0.0,1990,Italy,24,0
WC-1990,T-60,Republic of Ireland,IRL,qf,5,2,3,1,1,3,1,1,-1,0.4,0.6,0.2,1990,Italy,24,0
WC-1990,T-61,Romania,ROU,roundof16,4,4,3,1,2,1,1,1,1,1.0,0.75,0.25,1990,Italy,24,0
WC-1990,T-64,Scotland,SCO,group,3,2,3,1,2,0,0,0,-1,0.6666666666666666,1.0,0.3333333333333333,1990,Italy,24,0
WC-1990,T-71,South Korea,KOR,group,3,1,6,0,3,0,0,0,-5,0.3333333333333333,2.0,0.0,1990,Italy,24,0
WC-1990,T-72,Soviet Union,SUN,group,3,4,4,1,2,0,0,0,0,1.3333333333333333,1.3333333333333333,0.3333333333333333,1990,Italy,24,0
WC-1990,T-73,Spain,ESP,roundof16,4,6,4,2,1,1,1,0,2,1.5,1.0,0.5,1990,Italy,24,0
WC-1990,T-74,Sweden,SWE,group,3,3,6,0,3,0,0,0,-3,1.0,2.0,0.0,1990,Italy,24,0
WC-1990,T-82,United Arab Emirates,ARE,group,3,2,11,0,3,0,0,0,-9,0.6666666666666666,3.6666666666666665,0.0,1990,Italy,24,0
WC-1990,T-83,United States,USA,group,3,2,8,0,3,0,0,0,-6,0.6666666666666666,2.6666666666666665,0.0,1990,Italy,24,0
WC-1990,T-84,Uruguay,URY,roundof16,4,2,5,1,2,1,0,0,-3,0.5,1.25,0.25,1990,Italy,24,0
WC-1990,T-86,West Germany,DEU,champion,7,15,5,6,0,1,1,1,10,2.142857142857143,0.7142857142857143,0.8571428571428571,1990,Italy,24,0
WC-1990,T-87,Yugoslavia,YUG,qf,5,8,6,3,2,0,2,1,2,1.6,1.2,0.6,1990,Italy,24,0
WC-1991,T-09,Brazil,BRA,group,3,1,7,1,2,0,0,0,-6,0.3333333333333333,2.3333333333333335,0.3333333333333333,1991,China,12,0
WC-1991,T-14,China,CHN,qf,4,10,4,2,1,1,0,0,6,2.5,1.0,0.5,1991,China,12,1
WC-1991,T-15,Chinese Taipei,TWN,qf,4,2,15,1,3,0,0,0,-13,0.5,3.75,0.25,1991,China,12,0
WC-1991,T-22,Denmark,DNK,qf,4,7,6,1,2,1,1,0,1,1.75,1.5,0.25,1991,China,12,0
WC-1991,T-31,Germany,DEU,sf,6,13,10,4,2,0,1,0,3,2.1666666666666665,1.6666666666666667,0.6666666666666666,1991,China,12,0
WC-1991,T-41,Italy,ITA,qf,4,8,5,2,2,0,1,0,3,2.0,1.25,0.5,1991,China,12,0
WC-1991,T-44,Japan,JPN,group,3,0,12,0,3,0,0,0,-12,0.0,4.0,0.0,1991,China,12,0
WC-1991,T-49,New Zealand,NZL,group,3,1,11,0,3,0,0,0,-10,0.3333333333333333,3.6666666666666665,0.0,1991,China,12,0
WC-1991,T-50,Nigeria,NGA,group,3,0,7,0,3,0,0,0,-7,0.0,2.3333333333333335,0.0,1991,China,12,0
WC-1991,T-53,Norway,NOR,runnerup,6,14,10,4,2,0,1,0,4,2.3333333333333335,1.6666666666666667,0.6666666666666666,1991,China,12,0
WC-1991,T-74,Sweden,SWE,sf,6,18,7,4,2,0,0,0,11,3.0,1.1666666666666667,0.6666666666666666,1991,China,12,0
WC-1991,T-83,United States,USA,champion,6,25,5,6,0,0,0,0,20,4.166666666666667,0.8333333333333334,1.0,1991,China,12,0
WC-1994,T-03,Argentina,ARG,roundof16,4,8,6,2,2,0,0,0,2,2.0,1.5,0.5,1994,United States,24,0
WC-1994,T-06,Belgium,BEL,roundof16,4,4,4,2,2,0,0,0,0,1.0,1.0,0.5,1994,United States,24,0
WC-1994,T-07,Bolivia,BOL,group,3,1,4,0,2,1,0,0,-3,0.3333333333333333,1.3333333333333333,0.0,1994,United States,24,0
WC-1994,T-09,Brazil,BRA,champion,7,11,3,6,0,1,1,1,8,1.5714285714285714,0.42857142857142855,0.8571428571428571,1994,United States,24,0
WC-1994,T-10,Bulgaria,BGR,sf,7,10,11,4,3,0,1,1,-1,1.4285714285714286,1.5714285714285714,0.5714285714285714,1994,United States,24,0
WC-1994,T-11,Cameroon,CMR,group,3,3,11,0,2,1,0,0,-8,1.0,3.6666666666666665,0.0,1994,United States,24,0
WC-1994,T-16,Colombia,COL,group,3,4,5,1,2,0,0,0,-1,1.3333333333333333,1.6666666666666667,0.3333333333333333,1994,United States,24,0
WC-1994,T-31,Germany,DEU,qf,5,9,7,3,1,1,0,0,2,1.8,1.4,0.6,1994,United States,24,0
WC-1994,T-33,Greece,GRC,group,3,0,10,0,3,0,0,0,-10,0.0,3.3333333333333335,0.0,1994,United States,24,0
WC-1994,T-41,Italy,ITA,runnerup,7,8,5,4,2,1,2,1,3,1.1428571428571428,0.7142857142857143,0.5714285714285714,1994,United States,24,0
WC-1994,T-46,Mexico,MEX,roundof16,4,4,4,1,2,1,1,1,0,1.0,1.0,0.25,1994,United States,24,0
WC-1994,T-47,Morocco,MAR,group,3,2,5,0,3,0,0,0,-3,0.6666666666666666,1.6666666666666667,0.0,1994,United States,24,0
WC-1994,T-48,Netherlands,NLD,qf,5,8,6,3,2,0,0,0,2,1.6,1.2,0.6,1994,United States,24,0
WC-1994,T-50,Nigeria,NGA,roundof16,4,7,4,2,2,0,1,0,3,1.75,1.0,0.5,1994,United States,24,0
WC-1994,T-53,Norway,NOR,group,3,1,1,1,1,1,0,0,0,0.3333333333333333,0.3333333333333333,0.3333333333333333,1994,United States,24,0
WC-1994,T-60,Republic of Ireland,IRL,roundof16,4,2,4,1,2,1,0,0,-2,0.5,1.0,0.25,1994,United States,24,0
WC-1994,T-61,Romania,ROU,qf,5,10,9,3,2,0,1,1,1,2.0,1.8,0.6,1994,United States,24,0
WC-1994,T-62,Russia,RUS,group,3,7,6,1,2,0,0,0,1,2.3333333333333335,2.0,0.3333333333333333,1994,United States,24,0
WC-1994,T-63,Saudi Arabia,SAU,roundof16,4,5,6,2,2,0,0,0,-1,1.25,1.5,0.5,1994,United States,24,0
WC-1994,T-71,South Korea,KOR,group,3,4,5,0,1,2,0,0,-1,1.3333333333333333,1.6666666666666667,0.0,1994,United States,24,0
WC-1994,T-73,Spain,ESP,qf,5,10,6,2,1,2,0,0,4,2.0,1.2,0.4,1994,United States,24,0
WC-1994,T-74,Sweden,SWE,sf,7,15,8,4,1,2,1,1,7,2.142857142857143,1.1428571428571428,0.5714285714285714,1994,United States,24,0
WC-1994,T-75,Switzerland,CHE,roundof16,4,5,7,1,2,1,0,0,-2,1.25,1.75,0.25,1994,United States,24,0
WC-1994,T-83,United States,USA,roundof16,4,3,4,1,2,1,0,0,-1,0.75,1.0,0.25,1994,United States,24,1
WC-1995,T-04,Australia,AUS,group,3,3,13,0,3,0,0,0,-10,1.0,4.333333333333333,0.0,1995,Sweden,12,0
WC-1995,T-09,Brazil,BRA,group,3,3,8,1,2,0,0,0,-5,1.0,2.6666666666666665,0.3333333333333333,1995,Sweden,12,0
WC-1995,T-12,Canada,CAN,group,3,5,13,0,2,1,0,0,-8,1.6666666666666667,4.333333333333333,0.0,1995,Sweden,12,0
WC-1995,T-14,China,CHN,sf,6,11,10,3,2,1,1,1,1,1.8333333333333333,1.6666666666666667,0.5,1995,Sweden,12,0
WC-1995,T-22,Denmark,DNK,qf,4,7,8,1,3,0,0,0,-1,1.75,2.0,0.25,1995,Sweden,12,0
WC-1995,T-28,England,ENG,qf,4,6,9,2,2,0,0,0,-3,1.5,2.25,0.5,1995,Sweden,12,0
WC-1995,T-31,Germany,DEU,runnerup,6,13,6,4,2,0,0,0,7,2.1666666666666665,1.0,0.6666666666666666,1995,Sweden,12,0
WC-1995,T-44,Japan,JPN,qf,4,2,8,1,3,0,0,0,-6,0.5,2.0,0.25,1995,Sweden,12,0
WC-1995,T-50,Nigeria,NGA,group,3,5,14,0,2,1,0,0,-9,1.6666666666666667,4.666666666666667,0.0,1995,Sweden,12,0
WC-1995,T-53,Norway,NOR,champion,6,23,1,6,0,0,0,0,22,3.8333333333333335,0.16666666666666666,1.0,1995,Sweden,12,0
WC-1995,T-74,Sweden,SWE,qf,4,6,4,2,2,0,1,1,2,1.5,1.0,0.5,1995,Sweden,12,1
WC-1995,T-83,United States,USA,sf,6,15,5,4,1,1,0,0,10,2.5,0.8333333333333334,0.6666666666666666,1995,Sweden,12,0
WC-1998,T-03,Argentina,ARG,qf,5,10,4,4,1,0,1,1,6,2.0,0.8,0.8,1998,France,32,0
WC-1998,T-05,Austria,AUT,group,3,3,4,0,1,2,0,0,-1,1.0,1.3333333333333333,0.0,1998,France,32,0
WC-1998,T-06,Belgium,BEL,group,3,3,3,0,0,3,0,0,0,1.0,1.0,0.0,1998,France,32,0
WC-1998,T-09,Brazil,BRA,runnerup,7,14,10,5,2,0,1,1,4,2.0,1.4285714285714286,0.7142857142857143,1998,France,32,0
WC-1998,T-10,Bulgaria,BGR,group,3,1,7,0,2,1,0,0,-6,0.3333333333333333,2.3333333333333335,0.0,1998,France,32,0
WC-1998,T-11,Cameroon,CMR,group,3,2,5,0,1,2,0,0,-3,0.6666666666666666,1.6666666666666667,0.0,1998,France,32,0
WC-1998,T-13,Chile,CHL,roundof16,4,5,8,0,1,3,0,0,-3,1.25,2.0,0.0,1998,France,32,0
WC-1998,T-16,Colombia,COL,group,3,1,3,1,2,0,0,0,-2,0.3333333333333333,1.0,0.3333333333333333,1998,France,32,0
WC-1998,T-18,Croatia,HRV,sf,7,11,5,5,2,0,0,0,6,1.5714285714285714,0.7142857142857143,0.7142857142857143,1998,France,32,0
WC-1998,T-22,Denmark,DNK,qf,5,9,7,2,2,1,0,0,2,1.8,1.4,0.4,1998,France,32,0
WC-1998,T-28,England,ENG,roundof16,4,7,4,2,2,0,1,1,3,1.75,1.0,0.5,1998,France,32,0
WC-1998,T-30,France,FRA,champion,7,15,2,7,0,0,2,1,13,2.142857142857143,0.2857142857142857,1.0,1998,France,32,1
WC-1998,T-31,Germany,DEU,qf,5,8,6,3,1,1,0,0,2,1.6,1.2,0.6,1998,France,32,0
WC-1998,T-38,Iran,IRN,group,3,2,4,1,2,0,0,0,-2,0.6666666666666666,1.3333333333333333,0.3333333333333333,1998,France,32,0
WC-1998,T-41,Italy,ITA,qf,5,8,3,3,1,1,1,1,5,1.6,0.6,0.6,1998,France,32,0
WC-1998,T-43,Jamaica,JAM,group,3,3,9,1,2,0,0,0,-6,1.0,3.0,0.3333333333333333,1998,France,32,0
WC-1998,T-44,Japan,JPN,group,3,1,4,0,3,0,0,0,-3,0.3333333333333333,1.3333333333333333,0.0,1998,France,32,0
WC-1998,T-46,Mexico,MEX,roundof16,4,8,7,1,1,2,0,0,1,2.0,1.75,0.25,1998,France,32,0
WC-1998,T-47,Morocco,MAR,group,3,5,5,1,1,1,0,0,0,1.6666666666666667,1.6666666666666667,0.3333333333333333,1998,France,32,0
WC-1998,T-48,Netherlands,NLD,sf,7,13,7,3,2,2,1,1,6,1.8571428571428572,1.0,0.42857142857142855,1998,France,32,0
WC-1998,T-50,Nigeria,NGA,roundof16,4,6,9,2,2,0,0,0,-3,1.5,2.25,0.5,1998,France,32,0
WC-1998,T-53,Norway,NOR,roundof16,4,5,5,1,1,2,0,0,0,1.25,1.25,0.25,1998,France,32,0
WC-1998,T-55,Paraguay,PRY,roundof16,4,3,2,1,1,2,1,0,1,0.75,0.5,0.25,1998,France,32,0
WC-1998,T-61,Romania,ROU,roundof16,4,4,3,2,1,1,0,0,1,1.0,0.75,0.5,1998,France,32,0
WC-1998,T-63,Saudi Arabia,SAU,group,3,2,7,0,2,1,0,0,-5,0.6666666666666666,2.3333333333333335,0.0,1998,France,32,0
WC-1998,T-64,Scotland,SCO,group,3,2,6,0,2,1,0,0,-4,0.6666666666666666,2.0,0.0,1998,France,32,0
WC-1998,T-70,South Africa,ZAF,group,3,3,6,0,1,2,0,0,-3,1.0,2.0,0.0,1998,France,32,0
WC-1998,T-71,South Korea,KOR,group,3,2,9,0,2,1,0,0,-7,0.6666666666666666,3.0,0.0,1998,France,32,0
WC-1998,T-73,Spain,ESP,group,3,8,4,1,1,1,0,0,4,2.6666666666666665,1.3333333333333333,0.3333333333333333,1998,France,32,0
WC-1998,T-79,Tunisia,TUN,group,3,1,4,0,2,1,0,0,-3,0.3333333333333333,1.3333333333333333,0.0,1998,France,32,0
WC-1998,T-83,United States,USA,group,3,1,5,0,3,0,0,0,-4,0.3333333333333333,1.6666666666666667,0.0,1998,France,32,0
WC-1998,T-87,Yugoslavia,YUG,roundof16,4,5,4,2,1,1,0,0,1,1.25,1.0,0.5,1998,France,32,0
WC-1999,T-04,Australia,AUS,group,3,3,7,0,2,1,0,0,-4,1.0,2.3333333333333335,0.0,1999,United States,16,0
WC-1999,T-09,Brazil,BRA,sf,6,16,9,4,1,1,1,1,7,2.6666666666666665,1.5,0.6666666666666666,1999,United States,16,0
WC-1999,T-12,Canada,CAN,group,3,3,12,0,2,1,0,0,-9,1.0,4.0,0.0,1999,United States,16,0
WC-1999,T-14,China,CHN,runnerup,6,19,2,5,1,0,1,1,17,3.1666666666666665,0.3333333333333333,0.8333333333333334,1999,United States,16,0
WC-1999,T-22,Denmark,DNK,group,3,1,8,0,3,0,0,0,-7,0.3333333333333333,2.6666666666666665,0.0,1999,United States,16,0
WC-1999,T-31,Germany,DEU,qf,4,12,7,1,1,2,0,0,5,3.0,1.75,0.25,1999,United States,16,0
WC-1999,T-32,Ghana,GHA,group,3,1,10,0,2,1,0,0,-9,0.3333333333333333,3.3333333333333335,0.0,1999,United States,16,0
WC-1999,T-41,Italy,ITA,group,3,3,3,1,1,1,0,0,0,1.0,1.0,0.3333333333333333,1999,United States,16,0
WC-1999,T-44,Japan,JPN,group,3,1,10,0,2,1,0,0,-9,0.3333333333333333,3.3333333333333335,0.0,1999,United States,16,0
WC-1999,T-46,Mexico,MEX,group,3,1,15,0,3,0,0,0,-14,0.3333333333333333,5.0,0.0,1999,United States,16,0
WC-1999,T-50,Nigeria,NGA,qf,4,8,12,2,2,0,1,0,-4,2.0,3.0,0.5,1999,United States,16,0
WC-1999,T-51,North Korea,PRK,group,3,4,6,1,2,0,0,0,-2,1.3333333333333333,2.0,0.3333333333333333,1999,United States,16,0
WC-1999,T-53,Norway,NOR,sf,6,16,8,4,2,0,0,1,8,2.6666666666666665,1.3333333333333333,0.6666666666666666,1999,United States,16,0
WC-1999,T-62,Russia,RUS,qf,4,10,5,2,2,0,0,0,5,2.5,1.25,0.5,1999,United States,16,0
WC-1999,T-74,Sweden,SWE,qf,4,7,6,2,2,0,0,0,1,1.75,1.5,0.5,1999,United States,16,0
WC-1999,T-83,United States,USA,champion,6,18,3,6,0,0,1,1,15,3.0,0.5,1.0,1999,United States,16,1
WC-2002,T-03,Argentina,ARG,group,3,2,2,1,1,1,0,0,0,0.6666666666666666,0.6666666666666666,0.3333333333333333,2002,"Korea, Japan",32,0
WC-2002,T-06,Belgium,BEL,roundof16,4,6,7,1,1,2,0,0,-1,1.5,1.75,0.25,2002,"Korea, Japan",32,0
WC-2002,T-09,Brazil,BRA,champion,7,18,4,7,0,0,0,0,14,2.5714285714285716,0.5714285714285714,1.0,2002,"Korea, Japan",32,0
WC-2002,T-11,Cameroon,CMR,group,3,2,3,1,1,1,0,0,-1,0.6666666666666666,1.0,0.3333333333333333,2002,"Korea, Japan",32,0
WC-2002,T-14,China,CHN,group,3,0,9,0,3,0,0,0,-9,0.0,3.0,0.0,2002,"Korea, Japan",32,0
WC-2002,T-17,Costa Rica,CRI,group,3,5,6,1,1,1,0,0,-1,1.6666666666666667,2.0,0.3333333333333333,2002,"Korea, Japan",32,0
WC-2002,T-18,Croatia,HRV,group,3,2,3,1,2,0,0,0,-1,0.6666666666666666,1.0,0.3333333333333333,2002,"Korea, Japan",32,0
WC-2002,T-22,Denmark,DNK,roundof16,4,5,5,2,1,1,0,0,0,1.25,1.25,0.5,2002,"Korea, Japan",32,0
WC-2002,T-25,Ecuador,ECU,group,3,2,4,1,2,0,0,0,-2,0.6666666666666666,1.3333333333333333,0.3333333333333333,2002,"Korea, Japan",32,0
WC-2002,T-28,England,ENG,qf,5,6,3,2,1,2,0,0,3,1.2,0.6,0.4,2002,"Korea, Japan",32,0
WC-2002,T-30,France,FRA,group,3,0,3,0,2,1,0,0,-3,0.0,1.0,0.0,2002,"Korea, Japan",32,0
WC-2002,T-31,Germany,DEU,runnerup,7,14,3,5,1,1,0,0,11,2.0,0.42857142857142855,0.7142857142857143,2002,"Korea, Japan",32,0
WC-2002,T-41,Italy,ITA,roundof16,4,5,5,1,2,1,1,0,0,1.25,1.25,0.25,2002,"Korea, Japan",32,0
WC-2002,T-44,Japan,JPN,roundof16,4,5,3,2,1,1,0,0,2,1.25,0.75,0.5,2002,"Korea, Japan",32,0
WC-2002,T-46,Mexico,MEX,roundof16,4,4,4,2,1,1,0,0,0,1.0,1.0,0.5,2002,"Korea, Japan",32,0
WC-2002,T-50,Nigeria,NGA,group,3,1,3,0,2,1,0,0,-2,0.3333333333333333,1.0,0.0,2002,"Korea, Japan",32,0
WC-2002,T-55,Paraguay,PRY,roundof16,4,6,7,1,2,1,0,0,-1,1.5,1.75,0.25,2002,"Korea, Japan",32,0
WC-2002,T-57,Poland,POL,group,3,3,7,1,2,0,0,0,-4,1.0,2.3333333333333335,0.3333333333333333,2002,"Korea, Japan",32,0
WC-2002,T-58,Portugal,PRT,group,3,6,4,1,2,0,0,0,2,2.0,1.3333333333333333,0.3333333333333333,2002,"Korea, Japan",32,0
WC-2002,T-60,Republic of Ireland,IRL,roundof16,4,6,3,1,1,2,1,1,3,1.5,0.75,0.25,2002,"Korea, Japan",32,0
WC-2002,T-62,Russia,RUS,group,3,4,4,1,2,0,0,0,0,1.3333333333333333,1.3333333333333333,0.3333333333333333,2002,"Korea, Japan",32,0
WC-2002,T-63,Saudi Arabia,SAU,group,3,0,12,0,3,0,0,0,-12,0.0,4.0,0.0,2002,"Korea, Japan",32,0
WC-2002,T-65,Senegal,SEN,qf,5,7,6,2,1,2,2,0,1,1.4,1.2,0.4,2002,"Korea, Japan",32,0
WC-2002,T-69,Slovenia,SVN,group,3,2,7,0,3,0,0,0,-5,0.6666666666666666,2.3333333333333335,0.0,2002,"Korea, Japan",32,0
WC-2002,T-70,South Africa,ZAF,group,3,5,5,1,1,1,0,0,0,1.6666666666666667,1.6666666666666667,0.3333333333333333,2002,"Korea, Japan",32,0
WC-2002,T-71,South Korea,KOR,sf,7,8,6,4,2,1,2,1,2,1.1428571428571428,0.8571428571428571,0.5714285714285714,2002,"Korea, Japan",32,0
WC-2002,T-73,Spain,ESP,qf,5,10,5,4,1,0,2,2,5,2.0,1.0,0.8,2002,"Korea, Japan",32,0
WC-2002,T-74,Sweden,SWE,roundof16,4,5,5,1,1,2,1,0,0,1.25,1.25,0.25,2002,"Korea, Japan",32,0
WC-2002,T-79,Tunisia,TUN,group,3,1,5,0,2,1,0,0,-4,0.3333333333333333,1.6666666666666667,0.0,2002,"Korea, Japan",32,0
WC-2002,T-80,Turkey,TUR,sf,7,10,6,4,2,1,1,0,4,1.4285714285714286,0.8571428571428571,0.5714285714285714,2002,"Korea, Japan",32,0
WC-2002,T-83,United States,USA,qf,5,7,7,2,2,1,0,0,0,1.4,1.4,0.4,2002,"Korea, Japan",32,0
WC-2002,T-84,Uruguay,URY,group,3,4,5,0,1,2,0,0,-1,1.3333333333333333,1.6666666666666667,0.0,2002,"Korea, Japan",32,0
WC-2003,T-03,Argentina,ARG,group,3,1,15,0,3,0,0,0,-14,0.3333333333333333,5.0,0.0,2003,United States,16,0
WC-2003,T-04,Australia,AUS,group,3,3,5,0,2,1,0,0,-2,1.0,1.6666666666666667,0.0,2003,United States,16,0
WC-2003,T-09,Brazil,BRA,qf,4,9,4,2,1,1,0,0,5,2.25,1.0,0.5,2003,United States,16,0
WC-2003,T-12,Canada,CAN,sf,6,10,10,3,3,0,0,0,0,1.6666666666666667,1.6666666666666667,0.5,2003,United States,16,0
WC-2003,T-14,China,CHN,qf,4,3,2,2,1,1,0,0,1,0.75,0.5,0.5,2003,United States,16,0
WC-2003,T-30,France,FRA,group,3,2,3,1,1,1,0,0,-1,0.6666666666666666,1.0,0.3333333333333333,2003,United States,16,0
WC-2003,T-31,Germany,DEU,champion,6,25,4,6,0,0,1,0,21,4.166666666666667,0.6666666666666666,1.0,2003,United States,16,0
WC-2003,T-32,Ghana,GHA,group,3,2,5,1,2,0,0,0,-3,0.6666666666666666,1.6666666666666667,0.3333333333333333,2003,United States,16,0
WC-2003,T-44,Japan,JPN,group,3,7,6,1,2,0,0,0,1,2.3333333333333335,2.0,0.3333333333333333,2003,United States,16,0
WC-2003,T-50,Nigeria,NGA,group,3,0,11,0,3,0,0,0,-11,0.0,3.6666666666666665,0.0,2003,United States,16,0
WC-2003,T-51,North Korea,PRK,group,3,3,4,1,2,0,0,0,-1,1.0,1.3333333333333333,0.3333333333333333,2003,United States,16,0
WC-2003,T-53,Norway,NOR,qf,4,10,6,2,2,0,0,0,4,2.5,1.5,0.5,2003,United States,16,0
WC-2003,T-62,Russia,RUS,qf,4,6,9,2,2,0,0,0,-3,1.5,2.25,0.5,2003,United States,16,0
WC-2003,T-71,South Korea,KOR,group,3,1,11,0,3,0,0,0,-10,0.3333333333333333,3.6666666666666665,0.0,2003,United States,16,0
WC-2003,T-74,Sweden,SWE,runnerup,6,10,7,4,2,0,1,0,3,1.6666666666666667,1.1666666666666667,0.6666666666666666,2003,United States,16,0
WC-2003,T-83,United States,USA,sf,6,15,5,5,1,0,0,0,10,2.5,0.8333333333333334,0.8333333333333334,2003,United States,16,1
WC-2006,T-02,Angola,AGO,group,3,1,2,0,1,2,0,0,-1,0.3333333333333333,0.6666666666666666,0.0,2006,Germany,32,0
WC-2006,T-03,Argentina,ARG,qf,5,11,3,3,1,1,2,1,8,2.2,0.6,0.6,2006,Germany,32,0
WC-2006,T-04,Australia,AUS,roundof16,4,5,6,1,2,1,0,0,-1,1.25,1.5,0.25,2006,Germany,32,0
WC-2006,T-09,Brazil,BRA,qf,5,10,2,4,1,0,0,0,8,2.0,0.4,0.8,2006,Germany,32,0
WC-2006,T-17,Costa Rica,CRI,group,3,3,9,0,3,0,0,0,-6,1.0,3.0,0.0,2006,Germany,32,0
WC-2006,T-18,Croatia,HRV,group,3,2,3,0,1,2,0,0,-1,0.6666666666666666,1.0,0.0,2006,Germany,32,0
WC-2006,T-20,Czech Republic,CZE,group,3,3,4,1,2,0,0,0,-1,1.0,1.3333333333333333,0.3333333333333333,2006,Germany,32,0
WC-2006,T-25,Ecuador,ECU,roundof16,4,5,4,2,2,0,0,0,1,1.25,1.0,0.5,2006,Germany,32,0
WC-2006,T-28,England,ENG,qf,5,6,2,3,1,1,1,1,4,1.2,0.4,0.6,2006,Germany,32,0
WC-2006,T-30,France,FRA,runnerup,7,9,3,4,1,2,1,1,6,1.2857142857142858,0.42857142857142855,0.5714285714285714,2006,Germany,32,0
WC-2006,T-31,Germany,DEU,sf,7,14,6,6,1,0,2,1,8,2.0,0.8571428571428571,0.8571428571428571,2006,Germany,32,1
WC-2006,T-32,Ghana,GHA,roundof16,4,4,6,2,2,0,0,0,-2,1.0,1.5,0.5,2006,Germany,32,0
WC-2006,T-38,Iran,IRN,group,3,2,6,0,2,1,0,0,-4,0.6666666666666666,2.0,0.0,2006,Germany,32,0
WC-2006,T-41,Italy,ITA,champion,7,12,2,6,0,1,2,1,10,1.7142857142857142,0.2857142857142857,0.8571428571428571,2006,Germany,32,0
WC-2006,T-42,Ivory Coast,CIV,group,3,5,6,1,2,0,0,0,-1,1.6666666666666667,2.0,0.3333333333333333,2006,Germany,32,0
WC-2006,T-44,Japan,JPN,group,3,2,7,0,2,1,0,0,-5,0.6666666666666666,2.3333333333333335,0.0,2006,Germany,32,0
WC-2006,T-46,Mexico,MEX,roundof16,4,5,5,1,2,1,1,0,0,1.25,1.25,0.25,2006,Germany,32,0
WC-2006,T-48,Netherlands,NLD,roundof16,4,3,2,2,1,1,0,0,1,0.75,0.5,0.5,2006,Germany,32,0
WC-2006,T-55,Paraguay,PRY,group,3,2,2,1,2,0,0,0,0,0.6666666666666666,0.6666666666666666,0.3333333333333333,2006,Germany,32,0
WC-2006,T-57,Poland,POL,group,3,2,4,1,2,0,0,0,-2,0.6666666666666666,1.3333333333333333,0.3333333333333333,2006,Germany,32,0
WC-2006,T-58,Portugal,PRT,sf,7,7,5,5,2,0,1,1,2,1.0,0.7142857142857143,0.7142857142857143,2006,Germany,32,0
WC-2006,T-63,Saudi Arabia,SAU,group,3,2,7,0,2,1,0,0,-5,0.6666666666666666,2.3333333333333335,0.0,2006,Germany,32,0
WC-2006,T-67,Serbia and Montenegro,SCG,group,3,2,10,0,3,0,0,0,-8,0.6666666666666666,3.3333333333333335,0.0,2006,Germany,32,0
WC-2006,T-71,South Korea,KOR,group,3,3,4,1,1,1,0,0,-1,1.0,1.3333333333333333,0.3333333333333333,2006,Germany,32,0
WC-2006,T-73,Spain,ESP,roundof16,4,9,4,3,1,0,0,0,5,2.25,1.0,0.75,2006,Germany,32,0
WC-2006,T-74,Sweden,SWE,roundof16,4,3,4,1,1,2,0,0,-1,0.75,1.0,0.25,2006,Germany,32,0
WC-2006,T-75,Switzerland,CHE,roundof16,4,4,0,2,1,1,1,1,4,1.0,0.0,0.5,2006,Germany,32,0
WC-2006,T-77,Togo,TGO,group,3,1,6,0,3,0,0,0,-5,0.3333333333333333,2.0,0.0,2006,Germany,32,0
WC-2006,T-78,Trinidad and Tobago,TTO,group,3,0,4,0,2,1,0,0,-4,0.0,1.3333333333333333,0.0,2006,Germany,32,0
WC-2006,T-79,Tunisia,TUN,group,3,3,6,0,2,1,0,0,-3,1.0,2.0,0.0,2006,Germany,32,0
WC-2006,T-81,Ukraine,UKR,qf,5,5,7,3,2,0,1,1,-2,1.0,1.4,0.6,2006,Germany,32,0
WC-2006,T-83,United States,USA,group,3,2,6,0,2,1,0,0,-4,0.6666666666666666,2.0,0.0,2006,Germany,32,0
WC-2007,T-03,Argentina,ARG,group,3,1,18,0,3,0,0,0,-17,0.3333333333333333,6.0,0.0,2007,China,16,0
WC-2007,T-04,Australia,AUS,qf,4,9,7,1,1,2,0,0,2,2.25,1.75,0.25,2007,China,16,0
WC-2007,T-09,Brazil,BRA,runnerup,6,17,4,5,1,0,0,0,13,2.8333333333333335,0.6666666666666666,0.8333333333333334,2007,China,16,0
WC-2007,T-12,Canada,CAN,group,3,7,4,1,1,1,0,0,3,2.3333333333333335,1.3333333333333333,0.3333333333333333,2007,China,16,0
WC-2007,T-14,China,CHN,qf,4,5,7,2,2,0,0,0,-2,1.25,1.75,0.5,2007,China,16,1
WC-2007,T-22,Denmark,DNK,group,3,4,4,1,2,0,0,0,0,1.3333333333333333,1.3333333333333333,0.3333333333333333,2007,China,16,0
WC-2007,T-28,England,ENG,qf,4,8,6,1,1,2,0,0,2,2.0,1.5,0.25,2007,China,16,0
WC-2007,T-31,Germany,DEU,champion,6,21,0,5,0,1,0,0,21,3.5,0.0,0.8333333333333334,2007,China,16,0
WC-2007,T-32,Ghana,GHA,group,3,3,15,0,3,0,0,0,-12,1.0,5.0,0.0,2007,China,16,0
WC-2007,T-44,Japan,JPN,group,3,3,4,1,1,1,0,0,-1,1.0,1.3333333333333333,0.3333333333333333,2007,China,16,0
WC-2007,T-49,New Zealand,NZL,group,3,0,9,0,3,0,0,0,-9,0.0,3.0,0.0,2007,China,16,0
WC-2007,T-50,Nigeria,NGA,group,3,1,4,0,2,1,0,0,-3,0.3333333333333333,1.3333333333333333,0.0,2007,China,16,0
WC-2007,T-51,North Korea,PRK,qf,4,5,7,1,2,1,0,0,-2,1.25,1.75,0.25,2007,China,16,0
WC-2007,T-53,Norway,NOR,sf,6,12,11,3,2,1,0,0,1,2.0,1.8333333333333333,0.5,2007,China,16,0
WC-2007,T-74,Sweden,SWE,group,3,3,4,1,1,1,0,0,-1,1.0,1.3333333333333333,0.3333333333333333,2007,China,16,0
WC-2007,T-83,United States,USA,sf,6,12,7,4,1,1,0,0,5,2.0,1.1666666666666667,0.6666666666666666,2007,China,16,0
WC-2010,T-01,Algeria,DZA,group,3,0,2,0,2,1,0,0,-2,0.0,0.6666666666666666,0.0,2010,South Africa,32,0
WC-2010,T-03,Argentina,ARG,qf,5,10,6,4,1,0,0,0,4,2.0,1.2,0.8,2010,South Africa,32,0
WC-2010,T-04,Australia,AUS,group,3,3,6,1,1,1,0,0,-3,1.0,2.0,0.3333333333333333,2010,South Africa,32,0
WC-2010,T-09,Brazil,BRA,qf,5,9,4,3,1,1,0,0,5,1.8,0.8,0.6,2010,South Africa,32,0
WC-2010,T-11,Cameroon,CMR,group,3,2,5,0,3,0,0,0,-3,0.6666666666666666,1.6666666666666667,0.0,2010,South Africa,32,0
WC-2010,T-13,Chile,CHL,roundof16,4,3,5,2,2,0,0,0,-2,0.75,1.25,0.5,2010,South Africa,32,0
WC-2010,T-22,Denmark,DNK,group,3,3,6,1,2,0,0,0,-3,1.0,2.0,0.3333333333333333,2010,South Africa,32,0
WC-2010,T-28,England,ENG,roundof16,4,3,5,1,1,2,0,0,-2,0.75,1.25,0.25,2010,South Africa,32,0
WC-2010,T-30,France,FRA,group,3,1,4,0,2,1,0,0,-3,0.3333333333333333,1.3333333333333333,0.0,2010,South Africa,32,0
WC-2010,T-31,Germany,DEU,sf,7,16,5,5,2,0,0,0,11,2.2857142857142856,0.7142857142857143,0.7142857142857143,2010,South Africa,32,0
WC-2010,T-32,Ghana,GHA,qf,5,5,4,2,2,1,2,1,1,1.0,0.8,0.4,2010,South Africa,32,0
WC-2010,T-33,Greece,GRC,group,3,2,5,1,2,0,0,0,-3,0.6666666666666666,1.6666666666666667,0.3333333333333333,2010,South Africa,32,0
WC-2010,T-35,Honduras,HND,group,3,0,3,0,2,1,0,0,-3,0.0,1.0,0.0,2010,South Africa,32,0
WC-2010,T-41,Italy,ITA,group,3,4,5,0,1,2,0,0,-1,1.3333333333333333,1.6666666666666667,0.0,2010,South Africa,32,0
WC-2010,T-42,Ivory Coast,CIV,group,3,4,3,1,1,1,0,0,1,1.3333333333333333,1.0,0.3333333333333333,2010,South Africa,32,0
WC-2010,T-44,Japan,JPN,roundof16,4,4,2,2,2,0,1,1,2,1.0,0.5,0.5,2010,South Africa,32,0
WC-2010,T-46,Mexico,MEX,roundof16,4,4,5,1,2,1,0,0,-1,1.0,1.25,0.25,2010,South Africa,32,0
WC-2010,T-48,Netherlands,NLD,runnerup,7,12,6,6,1,0,1,0,6,1.7142857142857142,0.8571428571428571,0.8571428571428571,2010,South Africa,32,0
WC-2010,T-49,New Zealand,NZL,group,3,2,2,0,0,3,0,0,0,0.6666666666666666,0.6666666666666666,0.0,2010,South Africa,32,0
WC-2010,T-50,Nigeria,NGA,group,3,3,5,0,2,1,0,0,-2,1.0,1.6666666666666667,0.0,2010,South Africa,32,0
WC-2010,T-51,North Korea,PRK,group,3,1,12,0,3,0,0,0,-11,0.3333333333333333,4.0,0.0,2010,South Africa,32,0
WC-2010,T-55,Paraguay,PRY,qf,5,3,2,2,1,2,1,1,1,0.6,0.4,0.4,2010,South Africa,32,0
WC-2010,T-58,Portugal,PRT,roundof16,4,7,1,1,1,2,0,0,6,1.75,0.25,0.25,2010,South Africa,32,0
WC-2010,T-66,Serbia,SRB,group,3,2,3,1,2,0,0,0,-1,0.6666666666666666,1.0,0.3333333333333333,2010,South Africa,32,0
WC-2010,T-68,Slovakia,SVK,roundof16,4,5,7,1,2,1,0,0,-2,1.25,1.75,0.25,2010,South Africa,32,0
WC-2010,T-69,Slovenia,SVN,group,3,3,3,1,1,1,0,0,0,1.0,1.0,0.3333333333333333,2010,South Africa,32,0
WC-2010,T-70,South Africa,ZAF,group,3,3,5,1,1,1,0,0,-2,1.0,1.6666666666666667,0.3333333333333333,2010,South Africa,32,1
WC-2010,T-71,South Korea,KOR,roundof16,4,6,8,1,2,1,0,0,-2,1.5,2.0,0.25,2010,South Africa,32,0
WC-2010,T-73,Spain,ESP,champion,7,8,2,6,1,0,1,0,6,1.1428571428571428,0.2857142857142857,0.8571428571428571,2010,South Africa,32,0
WC-2010,T-75,Switzerland,CHE,group,3,1,1,1,1,1,0,0,0,0.3333333333333333,0.3333333333333333,0.3333333333333333,2010,South Africa,32,0
WC-2010,T-83,United States,USA,roundof16,4,5,5,1,1,2,1,0,0,1.25,1.25,0.25,2010,South Africa,32,0
WC-2010,T-84,Uruguay,URY,sf,7,11,8,4,2,1,1,1,3,1.5714285714285714,1.1428571428571428,0.5714285714285714,2010,South Africa,32,0
WC-2011,T-04,Australia,AUS,qf,4,6,7,2,2,0,0,0,-1,1.5,1.75,0.5,2011,Germany,16,0
WC-2011,T-09,Brazil,BRA,qf,4,9,2,3,1,0,1,1,7,2.25,0.5,0.75,2011,Germany,16,0
WC-2011,T-12,Canada,CAN,group,3,1,7,0,3,0,0,0,-6,0.3333333333333333,2.3333333333333335,0.0,2011,Germany,16,0
WC-2011,T-16,Colombia,COL,group,3,0,4,0,2,1,0,0,-4,0.0,1.3333333333333333,0.0,2011,Germany,16,0
WC-2011,T-28,England,ENG,qf,4,6,3,2,1,1,1,1,3,1.5,0.75,0.5,2011,Germany,16,0
WC-2011,T-29,Equatorial Guinea,GNQ,group,3,2,7,0,3,0,0,0,-5,0.6666666666666666,2.3333333333333335,0.0,2011,Germany,16,0
WC-2011,T-30,France,FRA,sf,6,10,10,3,3,0,1,1,0,1.6666666666666667,1.6666666666666667,0.5,2011,Germany,16,0
WC-2011,T-31,Germany,DEU,qf,4,7,4,3,1,0,1,0,3,1.75,1.0,0.75,2011,Germany,16,1
WC-2011,T-44,Japan,JPN,champion,6,12,6,5,1,0,2,1,6,2.0,1.0,0.8333333333333334,2011,Germany,16,0
WC-2011,T-46,Mexico,MEX,group,3,3,7,0,1,2,0,0,-4,1.0,2.3333333333333335,0.0,2011,Germany,16,0
WC-2011,T-49,New Zealand,NZL,group,3,4,6,0,2,1,0,0,-2,1.3333333333333333,2.0,0.0,2011,Germany,16,0
WC-2011,T-50,Nigeria,NGA,group,3,1,2,1,2,0,0,0,-1,0.3333333333333333,0.6666666666666666,0.3333333333333333,2011,Germany,16,0
WC-2011,T-51,North Korea,PRK,group,3,0,3,0,2,1,0,0,-3,0.0,1.0,0.0,2011,Germany,16,0
WC-2011,T-53,Norway,NOR,group,3,2,5,1,2,0,0,0,-3,0.6666666666666666,1.6666666666666667,0.3333333333333333,2011,Germany,16,0
WC-2011,T-74,Sweden,SWE,sf,6,10,6,5,1,0,0,0,4,1.6666666666666667,1.0,0.8333333333333334,2011,Germany,16,0
WC-2011,T-83,United States,USA,runnerup,6,13,7,4,2,0,2,2,6,2.1666666666666665,1.1666666666666667,0.6666666666666666,2011,Germany,16,0
WC-2014,T-01,Algeria,DZA,roundof16,4,7,7,1,2,1,1,0,0,1.75,1.75,0.25,2014,Brazil,32,0
WC-2014,T-03,Argentina,ARG,runnerup,7,8,4,6,1,0,3,1,4,1.1428571428571428,0.5714285714285714,0.8571428571428571,2014,Brazil,32,0
WC-2014,T-04,Australia,AUS,group,3,3,9,0,3,0,0,0,-6,1.0,3.0,0.0,2014,Brazil,32,0
WC-2014,T-06,Belgium,BEL,qf,5,6,3,4,1,0,1,0,3,1.2,0.6,0.8,2014,Brazil,32,0
WC-2014,T-08,Bosnia and Herzegovina,BIH,group,3,4,4,1,2,0,0,0,0,1.3333333333333333,1.3333333333333333,0.3333333333333333,2014,Brazil,32,0
WC-2014,T-09,Brazil,BRA,sf,7,11,14,4,2,1,1,1,-3,1.5714285714285714,2.0,0.5714285714285714,2014,Brazil,32,1
WC-2014,T-11,Cameroon,CMR,group,3,1,9,0,3,0,0,0,-8,0.3333333333333333,3.0,0.0,2014,Brazil,32,0
WC-2014,T-13,Chile,CHL,roundof16,4,6,4,2,2,0,1,1,2,1.5,1.0,0.5,2014,Brazil,32,0
WC-2014,T-16,Colombia,COL,qf,5,12,4,4,1,0,0,0,8,2.4,0.8,0.8,2014,Brazil,32,0
WC-2014,T-17,Costa Rica,CRI,qf,5,5,2,3,1,1,2,2,3,1.0,0.4,0.6,2014,Brazil,32,0
WC-2014,T-18,Croatia,HRV,group,3,6,6,1,2,0,0,0,0,2.0,2.0,0.3333333333333333,2014,Brazil,32,0
WC-2014,T-25,Ecuador,ECU,group,3,3,3,1,1,1,0,0,0,1.0,1.0,0.3333333333333333,2014,Brazil,32,0
WC-2014,T-28,England,ENG,group,3,2,4,0,2,1,0,0,-2,0.6666666666666666,1.3333333333333333,0.0,2014,Brazil,32,0
WC-2014,T-30,France,FRA,qf,5,10,3,3,1,1,0,0,7,2.0,0.6,0.6,2014,Brazil,32,0
WC-2014,T-31,Germany,DEU,champion,7,18,4,6,0,1,2,0,14,2.5714285714285716,0.5714285714285714,0.8571428571428571,2014,Brazil,32,0
WC-2014,T-32,Ghana,GHA,group,3,4,6,0,2,1,0,0,-2,1.3333333333333333,2.0,0.0,2014,Brazil,32,0
WC-2014,T-33,Greece,GRC,roundof16,4,3,5,1,2,1,1,1,-2,0.75,1.25,0.25,2014,Brazil,32,0
WC-2014,T-35,Honduras,HND,group,3,1,8,0,3,0,0,0,-7,0.3333333333333333,2.6666666666666665,0.0,2014,Brazil,32,0
WC-2014,T-38,Iran,IRN,group,3,1,4,0,2,1,0,0,-3,0.3333333333333333,1.3333333333333333,0.0,2014,Brazil,32,0
WC-2014,T-41,Italy,ITA,group,3,2,3,1,2,0,0,0,-1,0.6666666666666666,1.0,0.3333333333333333,2014,Brazil,32,0
WC-2014,T-42,Ivory Coast,CIV,group,3,4,5,1,2,0,0,0,-1,1.3333333333333333,1.6666666666666667,0.3333333333333333,2014,Brazil,32,0
WC-2014,T-44,Japan,JPN,group,3,2,6,0,2,1,0,0,-4,0.6666666666666666,2.0,0.0,2014,Brazil,32,0
WC-2014,T-46,Mexico,MEX,roundof16,4,5,3,2,1,1,0,0,2,1.25,0.75,0.5,2014,Brazil,32,0
WC-2014,T-48,Netherlands,NLD,sf,7,15,4,6,1,0,2,2,11,2.142857142857143,0.5714285714285714,0.8571428571428571,2014,Brazil,32,0
WC-2014,T-50,Nigeria,NGA,roundof16,4,3,5,1,2,1,0,0,-2,0.75,1.25,0.25,2014,Brazil,32,0
WC-2014,T-58,Portugal,PRT,group,3,4,7,1,1,1,0,0,-3,1.3333333333333333,2.3333333333333335,0.3333333333333333,2014,Brazil,32,0
WC-2014,T-62,Russia,RUS,group,3,2,3,0,1,2,0,0,-1,0.6666666666666666,1.0,0.0,2014,Brazil,32,0
WC-2014,T-71,South Korea,KOR,group,3,3,6,0,2,1,0,0,-3,1.0,2.0,0.0,2014,Brazil,32,0
WC-2014,T-73,Spain,ESP,group,3,4,7,1,2,0,0,0,-3,1.3333333333333333,2.3333333333333335,0.3333333333333333,2014,Brazil,32,0
WC-2014,T-75,Switzerland,CHE,roundof16,4,7,7,2,2,0,1,0,0,1.75,1.75,0.5,2014,Brazil,32,0
WC-2014,T-83,United States,USA,roundof16,4,5,6,1,2,1,1,0,-1,1.25,1.5,0.25,2014,Brazil,32,0
WC-2014,T-84,Uruguay,URY,roundof16,4,4,6,2,2,0,0,0,-2,1.0,1.5,0.5,2014,Brazil,32,0
WC-2015,T-04,Australia,AUS,qf,5,5,5,2,2,1,0,0,0,1.0,1.0,0.4,2015,Canada,24,0
WC-2015,T-09,Brazil,BRA,roundof16,4,4,1,3,1,0,0,0,3,1.0,0.25,0.75,2015,Canada,24,0
WC-2015,T-11,Cameroon,CMR,roundof16,4,9,4,2,2,0,0,0,5,2.25,1.0,0.5,2015,Canada,24,0
WC-2015,T-12,Canada,CAN,qf,5,4,3,2,1,2,0,0,1,0.8,0.6,0.4,2015,Canada,24,1
WC-2015,T-14,China,CHN,qf,5,4,4,2,2,1,0,0,0,0.8,0.8,0.4,2015,Canada,24,0
WC-2015,T-16,Colombia,COL,roundof16,4,4,5,1,2,1,0,0,-1,1.0,1.25,0.25,2015,Canada,24,0
WC-2015,T-17,Costa Rica,CRI,group,3,3,4,0,1,2,0,0,-1,1.0,1.3333333333333333,0.0,2015,Canada,24,0
WC-2015,T-25,Ecuador,ECU,group,3,1,17,0,3,0,0,0,-16,0.3333333333333333,5.666666666666667,0.0,2015,Canada,24,0
WC-2015,T-28,England,ENG,sf,7,10,7,5,2,0,1,0,3,1.4285714285714286,1.0,0.7142857142857143,2015,Canada,24,0
WC-2015,T-30,France,FRA,qf,5,10,3,3,2,0,1,1,7,2.0,0.6,0.6,2015,Canada,24,0
WC-2015,T-31,Germany,DEU,sf,7,20,6,4,2,1,2,1,14,2.857142857142857,0.8571428571428571,0.5714285714285714,2015,Canada,24,0
WC-2015,T-42,Ivory Coast,CIV,group,3,3,16,0,3,0,0,0,-13,1.0,5.333333333333333,0.0,2015,Canada,24,0
WC-2015,T-44,Japan,JPN,runnerup,7,11,8,6,1,0,0,0,3,1.5714285714285714,1.1428571428571428,0.8571428571428571,2015,Canada,24,0
WC-2015,T-46,Mexico,MEX,group,3,2,8,0,2,1,0,0,-6,0.6666666666666666,2.6666666666666665,0.0,2015,Canada,24,0
WC-2015,T-48,Netherlands,NLD,roundof16,4,3,4,1,2,1,0,0,-1,0.75,1.0,0.25,2015,Canada,24,0
WC-2015,T-49,New Zealand,NZL,group,3,2,3,0,1,2,0,0,-1,0.6666666666666666,1.0,0.0,2015,Canada,24,0
WC-2015,T-50,Nigeria,NGA,group,3,3,6,0,2,1,0,0,-3,1.0,2.0,0.0,2015,Canada,24,0
WC-2015,T-53,Norway,NOR,roundof16,4,9,4,2,1,1,0,0,5,2.25,1.0,0.5,2015,Canada,24,0
WC-2015,T-71,South Korea,KOR,roundof16,4,4,8,1,2,1,0,0,-4,1.0,2.0,0.25,2015,Canada,24,0
WC-2015,T-73,Spain,ESP,group,3,2,4,0,2,1,0,0,-2,0.6666666666666666,1.3333333333333333,0.0,2015,Canada,24,0
WC-2015,T-74,Sweden,SWE,roundof16,4,5,8,0,1,3,0,0,-3,1.25,2.0,0.0,2015,Canada,24,0
WC-2015,T-75,Switzerland,CHE,roundof16,4,11,5,1,3,0,0,0,6,2.75,1.25,0.25,2015,Canada,24,0
WC-2015,T-76,Thailand,THA,group,3,3,10,1,2,0,0,0,-7,1.0,3.3333333333333335,0.3333333333333333,2015,Canada,24,0
WC-2015,T-83,United States,USA,champion,7,14,3,6,0,1,0,0,11,2.0,0.42857142857142855,0.8571428571428571,2015,Canada,24,0
WC-2018,T-03,Argentina,ARG,roundof16,4,6,9,1,2,1,0,0,-3,1.5,2.25,0.25,2018,Russia,32,0
WC-2018,T-04,Australia,AUS,group,3,2,5,0,2,1,0,0,-3,0.6666666666666666,1.6666666666666667,0.0,2018,Russia,32,0
WC-2018,T-06,Belgium,BEL,sf,7,16,6,6,1,0,0,0,10,2.2857142857142856,0.8571428571428571,0.8571428571428571,2018,Russia,32,0
WC-2018,T-09,Brazil,BRA,qf,5,8,3,3,1,1,0,0,5,1.6,0.6,0.6,2018,Russia,32,0
WC-2018,T-16,Colombia,COL,roundof16,4,6,3,2,2,0,1,1,3,1.5,0.75,0.5,2018,Russia,32,0
WC-2018,T-17,Costa Rica,CRI,group,3,2,5,0,2,1,0,0,-3,0.6666666666666666,1.6666666666666667,0.0,2018,Russia,32,0
WC-2018,T-18,Croatia,HRV,runnerup,7,14,9,6,1,0,3,2,5,2.0,1.2857142857142858,0.8571428571428571,2018,Russia,32,0
WC-2018,T-22,Denmark,DNK,roundof16,4,3,2,1,1,2,1,1,1,0.75,0.5,0.25,2018,Russia,32,0
WC-2018,T-26,Egypt,EGY,group,3,2,6,0,3,0,0,0,-4,0.6666666666666666,2.0,0.0,2018,Russia,32,0
WC-2018,T-28,England,ENG,sf,7,12,8,4,3,0,2,1,4,1.7142857142857142,1.1428571428571428,0.5714285714285714,2018,Russia,32,0
WC-2018,T-30,France,FRA,champion,7,14,6,6,0,1,0,0,8,2.0,0.8571428571428571,0.8571428571428571,2018,Russia,32,0
WC-2018,T-31,Germany,DEU,group,3,2,4,1,2,0,0,0,-2,0.6666666666666666,1.3333333333333333,0.3333333333333333,2018,Russia,32,0
WC-2018,T-37,Iceland,ISL,group,3,2,5,0,2,1,0,0,-3,0.6666666666666666,1.6666666666666667,0.0,2018,Russia,32,0
WC-2018,T-38,Iran,IRN,group,3,2,2,1,1,1,0,0,0,0.6666666666666666,0.6666666666666666,0.3333333333333333,2018,Russia,32,0
WC-2018,T-44,Japan,JPN,roundof16,4,6,7,1,2,1,0,0,-1,1.5,1.75,0.25,2018,Russia,32,0
WC-2018,T-46,Mexico,MEX,roundof16,4,3,6,2,2,0,0,0,-3,0.75,1.5,0.5,2018,Russia,32,0
WC-2018,T-47,Morocco,MAR,group,3,2,4,0,2,1,0,0,-2,0.6666666666666666,1.3333333333333333,0.0,2018,Russia,32,0
WC-2018,T-50,Nigeria,NGA,group,3,3,4,1,2,0,0,0,-1,1.0,1.3333333333333333,0.3333333333333333,2018,Russia,32,0
WC-2018,T-54,Panama,PAN,group,3,2,11,0,3,0,0,0,-9,0.6666666666666666,3.6666666666666665,0.0,2018,Russia,32,0
WC-2018,T-56,Peru,PER,group,3,2,2,1,2,0,0,0,0,0.6666666666666666,0.6666666666666666,0.3333333333333333,2018,Russia,32,0
WC-2018,T-57,Poland,POL,group,3,2,5,1,2,0,0,0,-3,0.6666666666666666,1.6666666666666667,0.3333333333333333,2018,Russia,32,0
WC-2018,T-58,Portugal,PRT,roundof16,4,6,6,1,1,2,0,0,0,1.5,1.5,0.25,2018,Russia,32,0
WC-2018,T-62,Russia,RUS,qf,5,11,7,3,2,0,2,2,4,2.2,1.4,0.6,2018,Russia,32,1
WC-2018,T-63,Saudi Arabia,SAU,group,3,2,7,1,2,0,0,0,-5,0.6666666666666666,2.3333333333333335,0.3333333333333333,2018,Russia,32,0
WC-2018,T-65,Senegal,SEN,group,3,4,4,1,1,1,0,0,0,1.3333333333333333,1.3333333333333333,0.3333333333333333,2018,Russia,32,0
WC-2018,T-66,Serbia,SRB,group,3,2,4,1,2,0,0,0,-2,0.6666666666666666,1.3333333333333333,0.3333333333333333,2018,Russia,32,0
WC-2018,T-71,South Korea,KOR,group,3,3,3,1,2,0,0,0,0,1.0,1.0,0.3333333333333333,2018,Russia,32,0
WC-2018,T-73,Spain,ESP,roundof16,4,7,6,1,1,2,1,1,1,1.75,1.5,0.25,2018,Russia,32,0
WC-2018,T-74,Sweden,SWE,qf,5,6,4,3,2,0,0,0,2,1.2,0.8,0.6,2018,Russia,32,0
WC-2018,T-75,Switzerland,CHE,roundof16,4,5,5,1,1,2,0,0,0,1.25,1.25,0.25,2018,Russia,32,0
WC-2018,T-79,Tunisia,TUN,group,3,5,8,1,2,0,0,0,-3,1.6666666666666667,2.6666666666666665,0.3333333333333333,2018,Russia,32,0
WC-2018,T-84,Uruguay,URY,qf,5,7,3,4,1,0,0,0,4,1.4,0.6,0.8,2018,Russia,32,0
WC-2019,T-03,Argentina,ARG,group,3,3,4,0,1,2,0,0,-1,1.0,1.3333333333333333,0.0,2019,France,24,0
WC-2019,T-04,Australia,AUS,roundof16,4,9,6,2,2,0,1,1,3,2.25,1.5,0.5,2019,France,24,0
WC-2019,T-09,Brazil,BRA,roundof16,4,7,5,2,2,0,1,0,2,1.75,1.25,0.5,2019,France,24,0
WC-2019,T-11,Cameroon,CMR,roundof16,4,3,8,1,3,0,0,0,-5,0.75,2.0,0.25,2019,France,24,0
WC-2019,T-12,Canada,CAN,roundof16,4,4,3,2,2,0,0,0,1,1.0,0.75,0.5,2019,France,24,0
WC-2019,T-13,Chile,CHL,group,3,2,5,1,2,0,0,0,-3,0.6666666666666666,1.6666666666666667,0.3333333333333333,2019,France,24,0
WC-2019,T-14,China,CHN,roundof16,4,1,3,1,2,1,0,0,-2,0.25,0.75,0.25,2019,France,24,0
WC-2019,T-28,England,ENG,sf,7,13,5,5,2,0,0,0,8,1.8571428571428572,0.7142857142857143,0.7142857142857143,2019,France,24,0
WC-2019,T-30,France,FRA,qf,5,10,4,4,1,0,1,0,6,2.0,0.8,0.8,2019,France,24,1
WC-2019,T-31,Germany,DEU,qf,5,10,2,4,1,0,0,0,8,2.0,0.4,0.8,2019,France,24,0
WC-2019,T-41,Italy,ITA,qf,5,9,4,3,2,0,0,0,5,1.8,0.8,0.6,2019,France,24,0
WC-2019,T-43,Jamaica,JAM,group,3,1,12,0,3,0,0,0,-11,0.3333333333333333,4.0,0.0,2019,France,24,0
WC-2019,T-44,Japan,JPN,roundof16,4,3,5,1,2,1,0,0,-2,0.75,1.25,0.25,2019,France,24,0
WC-2019,T-48,Netherlands,NLD,runnerup,7,11,5,6,1,0,1,0,6,1.5714285714285714,0.7142857142857143,0.8571428571428571,2019,France,24,0
WC-2019,T-49,New Zealand,NZL,group,3,1,5,0,3,0,0,0,-4,0.3333333333333333,1.6666666666666667,0.0,2019,France,24,0
WC-2019,T-50,Nigeria,NGA,roundof16,4,2,7,1,3,0,0,0,-5,0.5,1.75,0.25,2019,France,24,0
WC-2019,T-53,Norway,NOR,qf,5,7,7,3,2,0,1,1,0,1.4,1.4,0.6,2019,France,24,0
WC-2019,T-64,Scotland,SCO,group,3,5,7,0,2,1,0,0,-2,1.6666666666666667,2.3333333333333335,0.0,2019,France,24,0
WC-2019,T-70,South Africa,ZAF,group,3,1,8,0,3,0,0,0,-7,0.3333333333333333,2.6666666666666665,0.0,2019,France,24,0
WC-2019,T-71,South Korea,KOR,group,3,1,8,0,3,0,0,0,-7,0.3333333333333333,2.6666666666666665,0.0,2019,France,24,0
WC-2019,T-73,Spain,ESP,roundof16,4,4,4,1,2,1,0,0,0,1.0,1.0,0.25,2019,France,24,0
WC-2019,T-74,Sweden,SWE,sf,7,12,6,5,2,0,1,0,6,1.7142857142857142,0.8571428571428571,0.7142857142857143,2019,France,24,0
WC-2019,T-76,Thailand,THA,group,3,1,20,0,3,0,0,0,-19,0.3333333333333333,6.666666666666667,0.0,2019,France,24,0
WC-2019,T-83,United States,USA,champion,7,26,3,7,0,0,0,0,23,3.7142857142857144,0.42857142857142855,1.0,2019,France,24,0
WC-2022,T-03,Argentina,ARG,champion,7,15,8,6,1,0,2,2,7,2.142857142857143,1.1428571428571428,0.8571428571428571,2022,Qatar,32,0
WC-2022,T-04,Australia,AUS,roundof16,4,4,6,2,2,0,0,0,-2,1.0,1.5,0.5,2022,Qatar,32,0
WC-2022,T-06,Belgium,BEL,group,3,1,2,1,1,1,0,0,-1,0.3333333333333333,0.6666666666666666,0.3333333333333333,2022,Qatar,32,0
WC-2022,T-09,Brazil,BRA,qf,5,8,3,3,2,0,1,1,5,1.6,0.6,0.6,2022,Qatar,32,0
WC-2022,T-11,Cameroon,CMR,group,3,4,4,1,1,1,0,0,0,1.3333333333333333,1.3333333333333333,0.3333333333333333,2022,Qatar,32,0
WC-2022,T-12,Canada,CAN,group,3,2,7,0,3,0,0,0,-5,0.6666666666666666,2.3333333333333335,0.0,2022,Qatar,32,0
WC-2022,T-17,Costa Rica,CRI,group,3,3,11,1,2,0,0,0,-8,1.0,3.6666666666666665,0.3333333333333333,2022,Qatar,32,0
WC-2022,T-18,Croatia,HRV,sf,7,8,7,4,1,2,2,2,1,1.1428571428571428,1.0,0.5714285714285714,2022,Qatar,32,0
WC-2022,T-22,Denmark,DNK,group,3,1,3,0,2,1,0,0,-2,0.3333333333333333,1.0,0.0,2022,Qatar,32,0
WC-2022,T-25,Ecuador,ECU,group,3,4,3,1,1,1,0,0,1,1.3333333333333333,1.0,0.3333333333333333,2022,Qatar,32,0
WC-2022,T-28,England,ENG,qf,5,13,4,3,1,1,0,0,9,2.6,0.8,0.6,2022,Qatar,32,0
WC-2022,T-30,France,FRA,runnerup,7,16,8,5,2,0,1,1,8,2.2857142857142856,1.1428571428571428,0.7142857142857143,2022,Qatar,32,0
WC-2022,T-31,Germany,DEU,group,3,6,5,1,1,1,0,0,1,2.0,1.6666666666666667,0.3333333333333333,2022,Qatar,32,0
WC-2022,T-32,Ghana,GHA,group,3,5,7,1,2,0,0,0,-2,1.6666666666666667,2.3333333333333335,0.3333333333333333,2022,Qatar,32,0
WC-2022,T-38,Iran,IRN,group,3,4,7,1,2,0,0,0,-3,1.3333333333333333,2.3333333333333335,0.3333333333333333,2022,Qatar,32,0
WC-2022,T-44,Japan,JPN,roundof16,4,5,4,2,2,0,1,1,1,1.25,1.0,0.5,2022,Qatar,32,0
WC-2022,T-46,Mexico,MEX,group,3,2,3,1,1,1,0,0,-1,0.6666666666666666,1.0,0.3333333333333333,2022,Qatar,32,0
WC-2022,T-47,Morocco,MAR,sf,7,6,5,4,2,1,1,1,1,0.8571428571428571,0.7142857142857143,0.5714285714285714,2022,Qatar,32,0
WC-2022,T-48,Netherlands,NLD,qf,5,10,4,3,1,1,1,1,6,2.0,0.8,0.6,2022,Qatar,32,0
WC-2022,T-57,Poland,POL,roundof16,4,3,5,1,2,1,0,0,-2,0.75,1.25,0.25,2022,Qatar,32,0
WC-2022,T-58,Portugal,PRT,qf,5,12,6,3,2,0,0,0,6,2.4,1.2,0.6,2022,Qatar,32,0
WC-2022,T-59,Qatar,QAT,group,3,1,7,0,3,0,0,0,-6,0.3333333333333333,2.3333333333333335,0.0,2022,Qatar,32,1
WC-2022,T-63,Saudi Arabia,SAU,group,3,3,5,1,2,0,0,0,-2,1.0,1.6666666666666667,0.3333333333333333,2022,Qatar,32,0
WC-2022,T-65,Senegal,SEN,roundof16,4,5,7,2,2,0,0,0,-2,1.25,1.75,0.5,2022,Qatar,32,0
WC-2022,T-66,Serbia,SRB,group,3,5,8,0,2,1,0,0,-3,1.6666666666666667,2.6666666666666665,0.0,2022,Qatar,32,0
WC-2022,T-71,South Korea,KOR,roundof16,4,5,8,1,2,1,0,0,-3,1.25,2.0,0.25,2022,Qatar,32,0
WC-2022,T-73,Spain,ESP,roundof16,4,9,3,1,2,1,1,1,6,2.25,0.75,0.25,2022,Qatar,32,0
WC-2022,T-75,Switzerland,CHE,roundof16,4,5,9,2,2,0,0,0,-4,1.25,2.25,0.5,2022,Qatar,32,0
WC-2022,T-79,Tunisia,TUN,group,3,1,1,1,1,1,0,0,0,0.3333333333333333,0.3333333333333333,0.3333333333333333,2022,Qatar,32,0
WC-2022,T-83,United States,USA,roundof16,4,3,4,1,1,2,0,0,-1,0.75,1.0,0.25,2022,Qatar,32,0
WC-2022,T-84,Uruguay,URY,group,3,2,2,1,1,1,0,0,0,0.6666666666666666,0.6666666666666666,0.3333333333333333,2022,Qatar,32,0
WC-2022,T-85,Wales,WAL,group,3,1,6,0,2,1,0,0,-5,0.3333333333333333,2.0,0.0,2022,Qatar,32,0
