team_id,team_name,confederation_id,confederation_name,goals_avg,goals_sum,goals_max,goals_std,goals_median,goals_against_avg,goals_against_sum,goals_against_min,goal_diff_avg,goal_diff_sum,win_rate,win_total,draw_rate,loss_rate,matches_played_total,penalty_experience,final_appearances,semi_appearances,quarter_appearances,round16_appearances,group_exits,recent_matches,recent_goals_avg,recent_goals_sum,recent_goals_max,recent_goals_against_avg,recent_goal_diff_avg,recent_win_rate,recent_draw_rate,recent_loss_rate,recent_goal_trend,recent_stage_trend,recent_final_appearances,recent_semi_appearances,recent_quarter_appearances,recent_round16_appearances,avg_stage_reached,max_stage_reached,min_stage_reached,stage_std,knockout_percentage,deep_run_percentage,final_percentage,win_rate_group_stage,win_rate_round_of_16,win_rate_quarter-finals,win_rate_semi-finals,win_rate_final
T-01,Algeria,CF-2,Confederation of African Football,1.0,13,4,1.2909944487358056,1.0,1.4615384615384615,19,0,-0.46153846153846156,-6,0.23076923076923078,3,0.23076923076923078,0.5384615384615384,13,0.0,0,0,0,0,0,3,2.0,6,4,1.6666666666666667,0.3333333333333333,0.3333333333333333,0.3333333333333333,0.3333333333333333,-3,0,0,0,0,0,0.0,0.0,0.0,0.0,0.0,0.0,0.0,0,0,0,0,0
T-02,Angola,CF-2,Confederation of African Football,0.3333333333333333,1,1,0.5773502691896258,0.0,0.6666666666666666,2,0,-0.3333333333333333,-1,0.0,0,0.6666666666666666,0.3333333333333333,3,0.0,0,0,0,0,0,3,0.3333333333333333,1,1,0.6666666666666666,-0.3333333333333333,0.0,0.6666666666666666,0.3333333333333333,1,0,0,0,0,0,0.0,0.0,0.0,0.0,0.0,0.0,0.0,0,0,0,0,0
T-03,Argentina,CF-4,South American Football Confederation,1.6185567010309279,157,6,1.4680152344312838,1.0,1.422680412371134,138,0,0.1958762886597938,19,0.5463917525773195,53,0.12371134020618557,0.32989690721649484,97,0.07216494845360824,0,0,0,0,0,3,2.6666666666666665,8,3,1.6666666666666667,1.0,1.0,0.0,0.0,1,0,0,0,0,0,0.0,0.0,0.0,0.0,0.0,0.0,0.0,0,0,0,0,0
T-04,Australia,CF-1,Asian Football Confederation,1.1956521739130435,55,4,1.0245772074891573,1.0,1.891304347826087,87,0,-0.6956521739130435,-32,0.2391304347826087,11,0.1956521739130435,0.5652173913043478,46,0.021739130434782608,0,0,0,0,0,3,1.0,3,1,0.6666666666666666,0.3333333333333333,0.6666666666666666,0.0,0.3333333333333333,0,0,0,0,0,0,0.0,0.0,0.0,0.0,0.0,0.0,0.0,0,0,0,0,0
T-05,Austria,CF-6,Union of European Football Associations,1.4827586206896552,43,7,1.6173322314224832,1.0,1.6206896551724137,47,0,-0.13793103448275862,-4,0.41379310344827586,12,0.13793103448275862,0.4482758620689655,29,0.0,0,0,0,0,0,3,1.0,3,1,1.3333333333333333,-0.3333333333333333,0.0,0.6666666666666666,0.3333333333333333,0,0,0,0,0,0,0.0,0.0,0.0,0.0,0.0,0.0,0.0,0,0,0,0,0
T-06,Belgium,CF-6,Union of European Football Associations,1.3529411764705883,69,5,1.2136478799349457,1.0,1.4509803921568627,74,0,-0.09803921568627451,-5,0.43137254901960786,22,0.17647058823529413,0.39215686274509803,51,0.0196078431372549,0,0,0,0,0,3,0.3333333333333333,1,1,0.6666666666666666,-0.3333333333333333,0.3333333333333333,0.3333333333333333,0.3333333333333333,-1,0,0,0,0,0,0.0,0.0,0.0,0.0,0.0,0.0,0.0,0,0,0,0,0
T-07,Bolivia,CF-4,South American Football Confederation,0.16666666666666666,1,1,0.408248290463863,0.0,3.3333333333333335,20,0,-3.1666666666666665,-19,0.0,0,0.16666666666666666,0.8333333333333334,6,0.0,0,0,0,0,0,3,0.3333333333333333,1,1,1.3333333333333333,-1.0,0.0,0.3333333333333333,0.6666666666666666,1,0,0,0,0,0,0.0,0.0,0.0,0.0,0.0,0.0,0.0,0,0,0,0,0
T-08,Bosnia and Herzegovina,CF-6,Union of European Football Associations,1.3333333333333333,4,3,1.5275252316519465,1.0,1.3333333333333333,4,1,0.0,0,0.3333333333333333,1,0.0,0.6666666666666666,3,0.0,0,0,0,0,0,3,1.3333333333333333,4,3,1.3333333333333333,0.0,0.3333333333333333,0.0,0.6666666666666666,2,0,0,0,0,0,0.0,0.0,0.0,0.0,0.0,0.0,0.0,0,0,0,0,0
T-09,Brazil,CF-4,South American Football Confederation,2.0472972972972974,303,7,1.56202580596354,2.0,1.0,148,0,1.0472972972972974,155,0.6756756756756757,100,0.10810810810810811,0.21621621621621623,148,0.0472972972972973,0,0,0,0,0,3,1.6666666666666667,5,4,1.0,0.6666666666666666,0.3333333333333333,0.0,0.6666666666666666,1,0,0,0,0,0,0.0,0.0,0.0,0.0,0.0,0.0,0.0,0,0,0,0,0
T-10,Bulgaria,CF-6,Union of European Football Associations,0.8461538461538461,22,4,0.9671528397231822,1.0,2.0384615384615383,53,0,-1.1923076923076923,-31,0.15384615384615385,4,0.2692307692307692,0.5769230769230769,26,0.038461538461538464,0,0,0,0,0,3,0.3333333333333333,1,1,2.3333333333333335,-2.0,0.0,0.3333333333333333,0.6666666666666666,1,0,0,0,0,0,0.0,0.0,0.0,0.0,0.0,0.0,0.0,0,0,0,0,0
T-11,Cameroon,CF-2,Confederation of African Football,1.0,34,6,1.2060453783110545,1.0,1.7352941176470589,59,0,-0.7352941176470589,-25,0.23529411764705882,8,0.23529411764705882,0.5294117647058824,34,0.0,0,0,0,0,0,3,1.3333333333333333,4,3,1.3333333333333333,0.0,0.3333333333333333,0.3333333333333333,0.3333333333333333,1,0,0,0,0,0,0.0,0.0,0.0,0.0,0.0,0.0,0.0,0,0,0,0,0
T-12,Canada,CF-3,"Confederation of North, Central American and Caribbean Association Football",1.0909090909090908,36,4,1.0112997936948633,1.0,1.9393939393939394,64,0,-0.8484848484848485,-28,0.24242424242424243,8,0.15151515151515152,0.6060606060606061,33,0.0,0,0,0,0,0,3,0.6666666666666666,2,1,2.3333333333333335,-1.6666666666666667,0.0,0.0,1.0,1,0,0,0,0,0,0.0,0.0,0.0,0.0,0.0,0.0,0.0,0,0,0,0,0
T-13,Chile,CF-4,South American Football Confederation,1.1666666666666667,42,5,1.133893419027682,1.0,1.5,54,0,-0.3333333333333333,-12,0.3333333333333333,12,0.16666666666666666,0.5,36,0.027777777777777776,0,0,0,0,0,3,0.6666666666666666,2,2,1.6666666666666667,-1.0,0.3333333333333333,0.0,0.6666666666666666,2,0,0,0,0,0,0.0,0.0,0.0,0.0,0.0,0.0,0.0,0,0,0,0,0
T-14,China,CF-1,Asian Football Confederation,1.4722222222222223,53,7,1.7482417471131406,1.0,1.1388888888888888,41,0,0.3333333333333333,12,0.4722222222222222,17,0.1388888888888889,0.3888888888888889,36,0.05555555555555555,0,0,0,0,0,3,0.3333333333333333,1,1,0.6666666666666666,-0.3333333333333333,0.3333333333333333,0.3333333333333333,0.3333333333333333,-1,0,0,0,0,0,0.0,0.0,0.0,0.0,0.0,0.0,0.0,0,0,0,0,0
T-15,Chinese Taipei,CF-1,Asian Football Confederation,0.5,2,2,1.0,0.0,3.75,15,0,-3.25,-13,0.25,1,0.0,0.75,4,0.0,0,0,0,0,0,3,0.6666666666666666,2,2,3.3333333333333335,-2.6666666666666665,0.3333333333333333,0.0,0.6666666666666666,0,0,0,0,0,0,0.0,0.0,0.0,0.0,0.0,0.0,0.0,0,0,0,0,0
T-16,Colombia,CF-4,South American Football Confederation,1.2413793103448276,36,4,1.1543449723851773,1.0,1.3448275862068966,39,0,-0.10344827586206896,-3,0.3448275862068966,10,0.13793103448275862,0.5172413793103449,29,0.034482758620689655,0,0,0,0,0,3,1.6666666666666667,5,3,0.3333333333333333,1.3333333333333333,0.6666666666666666,0.0,0.3333333333333333,-2,0,0,0,0,0,0.0,0.0,0.0,0.0,0.0,0.0,0.0,0,0,0,0,0
T-17,Costa Rica,CF-3,"Confederation of North, Central American and Caribbean Association Football",1.0416666666666667,25,3,0.9078961186825509,1.0,1.7916666666666667,43,0,-0.75,-18,0.2916666666666667,7,0.20833333333333334,0.5,24,0.08333333333333333,0,0,0,0,0,3,1.0,3,2,3.6666666666666665,-2.6666666666666665,0.3333333333333333,0.0,0.6666666666666666,2,0,0,0,0,0,0.0,0.0,0.0,0.0,0.0,0.0,0.0,0,0,0,0,0
T-18,Croatia,CF-6,Union of European Football Associations,1.4333333333333333,43,4,1.19433528860584,1.0,1.1,33,0,0.3333333333333333,10,0.5666666666666667,17,0.13333333333333333,0.3,30,0.13333333333333333,0,0,0,0,0,3,1.0,3,2,1.6666666666666667,-0.6666666666666666,0.6666666666666666,0.0,0.3333333333333333,1,0,0,0,0,0,0.0,0.0,0.0,0.0,0.0,0.0,0.0,0,0,0,0,0
T-19,Cuba,CF-3,"Confederation of North, Central American and Caribbean Association Football",1.6666666666666667,5,3,1.5275252316519465,2.0,4.0,12,1,-2.3333333333333335,-7,0.3333333333333333,1,0.3333333333333333,0.3333333333333333,3,0.0,0,0,0,0,0,3,1.6666666666666667,5,3,4.0,-2.3333333333333335,0.3333333333333333,0.3333333333333333,0.3333333333333333,-3,0,0,0,0,0,0.0,0.0,0.0,0.0,0.0,0.0,0.0,0,0,0,0,0
T-20,Czech Republic,CF-6,Union of European Football Associations,1.0,3,3,1.7320508075688772,0.0,1.3333333333333333,4,0,-0.3333333333333333,-1,0.3333333333333333,1,0.0,0.6666666666666666,3,0.0,0,0,0,0,0,3,1.0,3,3,1.3333333333333333,-0.3333333333333333,0.3333333333333333,0.0,0.6666666666666666,-3,0,0,0,0,0,0.0,0.0,0.0,0.0,0.0,0.0,0.0,0,0,0,0,0
T-21,Czechoslovakia,CF-6,Union of European Football Associations,1.4666666666666666,44,6,1.5477087254553341,1.0,1.5,45,0,-0.03333333333333333,-1,0.36666666666666664,11,0.16666666666666666,0.4666666666666667,30,0.0,0,0,0,0,0,3,1.3333333333333333,4,4,1.3333333333333333,0.0,0.3333333333333333,0.0,0.6666666666666666,0,0,0,0,0,0,0.0,0.0,0.0,0.0,0.0,0.0,0.0,0,0,0,0,0
T-22,Denmark,CF-6,Union of European Football Associations,1.3513513513513513,50,6,1.3584348881508255,1.0,1.4864864864864864,55,0,-0.13513513513513514,-5,0.32432432432432434,12,0.16216216216216217,0.5135135135135135,37,0.02702702702702703,0,0,0,0,0,3,0.3333333333333333,1,1,1.0,-0.6666666666666666,0.0,0.3333333333333333,0.6666666666666666,0,0,0,0,0,0,0.0,0.0,0.0,0.0,0.0,0.0,0.0,0,0,0,0,0
T-23,Dutch East Indies,CF-1,Asian Football Confederation,0.0,0,0,0.0,0.0,6.0,6,6,-6.0,-6,0.0,0,0.0,1.0,1,0.0,0,0,0,0,0,1,0.0,0,0,6.0,-6.0,0.0,0.0,1.0,0,0,0,0,0,0,0.0,0.0,0.0,0.0,0.0,0.0,0.0,0,0,0,0,0
T-24,East Germany,CF-6,Union of European Football Associations,0.8333333333333334,5,2,0.752772652709081,1.0,0.8333333333333334,5,0,0.0,0,0.3333333333333333,2,0.3333333333333333,0.3333333333333333,6,0.0,0,0,0,0,0,3,0.3333333333333333,1,1,1.3333333333333333,-1.0,0.0,0.3333333333333333,0.6666666666666666,1,0,0,0,0,0,0.0,0.0,0.0,0.0,0.0,0.0,0.0,0,0,0,0,0
T-25,Ecuador,CF-4,South American Football Confederation,0.9375,15,3,0.9287087810503355,1.0,1.9375,31,0,-1.0,-16,0.3125,5,0.125,0.5625,16,0.0,0,0,0,0,0,3,1.3333333333333333,4,2,1.0,0.3333333333333333,0.3333333333333333,0.3333333333333333,0.3333333333333333,-1,0,0,0,0,0,0.0,0.0,0.0,0.0,0.0,0.0,0.0,0,0,0,0,0
T-26,Egypt,CF-2,Confederation of African Football,0.7142857142857143,5,2,0.7559289460184545,1.0,1.7142857142857142,12,0,-1.0,-7,0.0,0,0.2857142857142857,0.7142857142857143,7,0.0,0,0,0,0,0,3,0.6666666666666666,2,1,2.0,-1.3333333333333333,0.0,0.0,1.0,1,0,0,0,0,0,0.0,0.0,0.0,0.0,0.0,0.0,0.0,0,0,0,0,0
T-27,El Salvador,CF-3,"Confederation of North, Central American and Caribbean Association Football",0.16666666666666666,1,1,0.408248290463863,0.0,3.6666666666666665,22,1,-3.5,-21,0.0,0,0.0,1.0,6,0.0,0,0,0,0,0,3,0.3333333333333333,1,1,4.333333333333333,-4.0,0.0,0.0,1.0,-1,0,0,0,0,0,0.0,0.0,0.0,0.0,0.0,0.0,0.0,0,0,0,0,0
T-28,England,CF-6,Union of European Football Associations,1.47,147,6,1.3062012158016145,1.0,0.98,98,0,0.49,49,0.48,48,0.21,0.31,100,0.05,0,0,0,0,0,3,2.3333333333333335,7,3,0.6666666666666666,1.6666666666666667,0.6666666666666666,0.0,0.3333333333333333,-2,0,0,0,0,0,0.0,0.0,0.0,0.0,0.0,0.0,0.0,0,0,0,0,0
T-29,Equatorial Guinea,CF-2,Confederation of African Football,0.6666666666666666,2,2,1.1547005383792517,0.0,2.3333333333333335,7,1,-1.6666666666666667,-5,0.0,0,0.0,1.0,3,0.0,0,0,0,0,0,3,0.6666666666666666,2,2,2.3333333333333335,-1.6666666666666667,0.0,0.0,1.0,0,0,0,0,0,0,0.0,0.0,0.0,0.0,0.0,0.0,0.0,0,0,0,0,0
T-30,France,CF-6,Union of European Football Associations,1.826086956521739,168,7,1.5307018834808215,1.0,1.141304347826087,105,0,0.6847826086956522,63,0.5652173913043478,52,0.10869565217391304,0.32608695652173914,92,0.07608695652173914,0,0,0,0,0,3,2.3333333333333335,7,3,1.3333333333333333,1.0,0.6666666666666666,0.0,0.3333333333333333,1,0,0,0,0,0,0.0,0.0,0.0,0.0,0.0,0.0,0.0,0,0,0,0,0
T-31,Germany,CF-6,Union of European Football Associations,2.3617021276595747,222,11,2.1142174323324032,2.0,0.9787234042553191,92,0,1.3829787234042554,130,0.6808510638297872,64,0.10638297872340426,0.2127659574468085,94,0.02127659574468085,0,0,0,0,0,3,2.0,6,4,1.6666666666666667,0.3333333333333333,0.3333333333333333,0.3333333333333333,0.3333333333333333,3,0,0,0,0,0,0.0,0.0,0.0,0.0,0.0,0.0,0.0,0,0,0,0,0
T-32,Ghana,CF-2,Confederation of African Football,1.0,24,3,0.9325048082403138,1.0,2.2083333333333335,53,0,-1.2083333333333333,-29,0.25,6,0.125,0.625,24,0.041666666666666664,0,0,0,0,0,3,1.6666666666666667,5,3,2.3333333333333335,-0.6666666666666666,0.3333333333333333,0.0,0.6666666666666666,-2,0,0,0,0,0,0.0,0.0,0.0,0.0,0.0,0.0,0.0,0,0,0,0,0
T-33,Greece,CF-6,Union of European Football Associations,0.5,5,2,0.8498365855987975,0.0,2.0,20,0,-1.5,-15,0.2,2,0.1,0.7,10,0.1,0,0,0,0,0,3,1.0,3,2,0.6666666666666666,0.3333333333333333,0.3333333333333333,0.3333333333333333,0.3333333333333333,1,0,0,0,0,0,0.0,0.0,0.0,0.0,0.0,0.0,0.0,0,0,0,0,0
T-34,Haiti,CF-3,"Confederation of North, Central American and Caribbean Association Football",0.6666666666666666,2,1,0.5773502691896258,1.0,4.666666666666667,14,3,-4.0,-12,0.0,0,0.0,1.0,3,0.0,0,0,0,0,0,3,0.6666666666666666,2,1,4.666666666666667,-4.0,0.0,0.0,1.0,0,0,0,0,0,0,0.0,0.0,0.0,0.0,0.0,0.0,0.0,0,0,0,0,0
T-35,Honduras,CF-3,"Confederation of North, Central American and Caribbean Association Football",0.3333333333333333,3,1,0.5,0.0,1.5555555555555556,14,0,-1.2222222222222223,-11,0.0,0,0.3333333333333333,0.6666666666666666,9,0.0,0,0,0,0,0,3,0.3333333333333333,1,1,2.6666666666666665,-2.3333333333333335,0.0,0.0,1.0,0,0,0,0,0,0,0.0,0.0,0.0,0.0,0.0,0.0,0.0,0,0,0,0,0
T-36,Hungary,CF-6,Union of European Football Associations,2.71875,87,10,2.654690006810223,2.0,1.78125,57,0,0.9375,30,0.46875,15,0.09375,0.4375,32,0.0,0,0,0,0,0,3,0.6666666666666666,2,2,3.0,-2.3333333333333335,0.3333333333333333,0.0,0.6666666666666666,0,0,0,0,0,0,0.0,0.0,0.0,0.0,0.0,0.0,0.0,0,0,0,0,0
T-37,Iceland,CF-6,Union of European Football Associations,0.6666666666666666,2,1,0.5773502691896258,1.0,1.6666666666666667,5,1,-1.0,-3,0.0,0,0.3333333333333333,0.6666666666666666,3,0.0,0,0,0,0,0,3,0.6666666666666666,2,1,1.6666666666666667,-1.0,0.0,0.3333333333333333,0.6666666666666666,0,0,0,0,0,0,0.0,0.0,0.0,0.0,0.0,0.0,0.0,0,0,0,0,0
T-38,Iran,CF-1,Asian Football Confederation,0.7222222222222222,13,2,0.7519039015221181,1.0,1.7222222222222223,31,0,-1.0,-18,0.16666666666666666,3,0.2222222222222222,0.6111111111111112,18,0.0,0,0,0,0,0,3,1.3333333333333333,4,2,2.3333333333333335,-1.0,0.3333333333333333,0.0,0.6666666666666666,-2,0,0,0,0,0,0.0,0.0,0.0,0.0,0.0,0.0,0.0,0,0,0,0,0
T-39,Iraq,CF-1,Asian Football Confederation,0.3333333333333333,1,1,0.5773502691896258,0.0,1.3333333333333333,4,1,-1.0,-3,0.0,0,0.0,1.0,3,0.0,0,0,0,0,0,3,0.3333333333333333,1,1,1.3333333333333333,-1.0,0.0,0.0,1.0,0,0,0,0,0,0,0.0,0.0,0.0,0.0,0.0,0.0,0.0,0,0,0,0,0
T-40,Israel,CF-6,Union of European Football Associations,0.3333333333333333,1,1,0.5773502691896258,0.0,1.0,3,0,-0.6666666666666666,-2,0.0,0,0.6666666666666666,0.3333333333333333,3,0.0,0,0,0,0,0,3,0.3333333333333333,1,1,1.0,-0.6666666666666666,0.0,0.6666666666666666,0.3333333333333333,0,0,0,0,0,0,0.0,0.0,0.0,0.0,0.0,0.0,0.0,0,0,0,0,0
T-41,Italy,CF-6,Union of European Football Associations,1.5578947368421052,148,7,1.2858955772574625,1.0,0.9368421052631579,89,0,0.6210526315789474,59,0.5473684210526316,52,0.18947368421052632,0.2631578947368421,95,0.042105263157894736,0,0,0,0,0,3,0.6666666666666666,2,2,1.0,-0.3333333333333333,0.3333333333333333,0.0,0.6666666666666666,0,0,0,0,0,0,0.0,0.0,0.0,0.0,0.0,0.0,0.0,0,0,0,0,0
T-42,Ivory Coast,CF-2,Confederation of African Football,1.3333333333333333,16,3,0.9847319278346618,1.0,2.5,30,0,-1.1666666666666667,-14,0.25,3,0.08333333333333333,0.6666666666666666,12,0.0,0,0,0,0,0,3,1.0,3,2,5.333333333333333,-4.333333333333333,0.0,0.0,1.0,1,0,0,0,0,0,0.0,0.0,0.0,0.0,0.0,0.0,0.0,0,0,0,0,0
T-43,Jamaica,CF-3,"Confederation of North, Central American and Caribbean Association Football",0.6666666666666666,4,2,0.816496580927726,0.5,3.5,21,1,-2.8333333333333335,-17,0.16666666666666666,1,0.0,0.8333333333333334,6,0.0,0,0,0,0,0,3,0.3333333333333333,1,1,4.0,-3.6666666666666665,0.0,0.0,1.0,1,0,0,0,0,0,0.0,0.0,0.0,0.0,0.0,0.0,0.0,0,0,0,0,0
T-44,Japan,CF-1,Asian Football Confederation,1.103448275862069,64,6,1.180092996222678,1.0,1.5862068965517242,92,0,-0.4827586206896552,-28,0.3793103448275862,22,0.1206896551724138,0.5,58,0.05172413793103448,0,0,0,0,0,3,1.0,3,2,1.0,0.0,0.3333333333333333,0.0,0.6666666666666666,1,0,0,0,0,0,0.0,0.0,0.0,0.0,0.0,0.0,0.0,0,0,0,0,0
T-45,Kuwait,CF-1,Asian Football Confederation,0.6666666666666666,2,1,0.5773502691896258,1.0,2.0,6,1,-1.3333333333333333,-4,0.0,0,0.3333333333333333,0.6666666666666666,3,0.0,0,0,0,0,0,3,0.6666666666666666,2,1,2.0,-1.3333333333333333,0.0,0.3333333333333333,0.6666666666666666,-1,0,0,0,0,0,0.0,0.0,0.0,0.0,0.0,0.0,0.0,0,0,0,0,0
T-46,Mexico,CF-3,"Confederation of North, Central American and Caribbean Association Football",0.9855072463768116,68,4,0.9775833592136394,1.0,1.8985507246376812,131,0,-0.9130434782608695,-63,0.2463768115942029,17,0.2318840579710145,0.5217391304347826,69,0.028985507246376812,0,0,0,0,0,3,0.6666666666666666,2,2,1.0,-0.3333333333333333,0.3333333333333333,0.3333333333333333,0.3333333333333333,2,0,0,0,0,0,0.0,0.0,0.0,0.0,0.0,0.0,0.0,0,0,0,0,0
T-47,Morocco,CF-2,Confederation of African Football,0.8695652173913043,20,3,1.0137396037394037,1.0,1.173913043478261,27,0,-0.30434782608695654,-7,0.2608695652173913,6,0.2608695652173913,0.4782608695652174,23,0.043478260869565216,0,0,0,0,0,3,0.6666666666666666,2,1,1.3333333333333333,-0.6666666666666666,0.3333333333333333,0.0,0.6666666666666666,0,0,0,0,0,0,0.0,0.0,0.0,0.0,0.0,0.0,0.0,0,0,0,0,0
T-48,Netherlands,CF-6,Union of European Football Associations,1.6666666666666667,110,5,1.2444749691006036,2.0,0.9242424242424242,61,0,0.7424242424242424,49,0.5757575757575758,38,0.16666666666666666,0.25757575757575757,66,0.06060606060606061,0,0,0,0,0,3,2.3333333333333335,7,3,1.0,1.3333333333333333,0.6666666666666666,0.0,0.3333333333333333,0,0,0,0,0,0,0.0,0.0,0.0,0.0,0.0,0.0,0.0,0,0,0,0,0
T-49,New Zealand,CF-5,Oceania Football Confederation,0.5714285714285714,12,2,0.7464200272921789,0.0,2.2857142857142856,48,0,-1.7142857142857142,-36,0.0,0,0.2857142857142857,0.7142857142857143,21,0.0,0,0,0,0,0,3,0.3333333333333333,1,1,1.6666666666666667,-1.3333333333333333,0.0,0.0,1.0,1,0,0,0,0,0,0.0,0.0,0.0,0.0,0.0,0.0,0.0,0,0,0,0,0
T-50,Nigeria,CF-2,Confederation of African Football,0.9148936170212766,43,3,1.039016826955898,1.0,1.9787234042553192,93,0,-1.0638297872340425,-50,0.2127659574468085,10,0.1276595744680851,0.6595744680851063,47,0.0,0,0,0,0,0,3,0.6666666666666666,2,2,1.3333333333333333,-0.6666666666666666,0.3333333333333333,0.0,0.6666666666666666,-2,0,0,0,0,0,0.0,0.0,0.0,0.0,0.0,0.0,0.0,0,0,0,0,0
T-51,North Korea,CF-1,Asian Football Confederation,0.9,18,3,1.1192102478745307,0.5,2.05,41,0,-1.15,-23,0.2,4,0.15,0.65,20,0.0,0,0,0,0,0,3,0.0,0,0,1.0,-1.0,0.0,0.3333333333333333,0.6666666666666666,0,0,0,0,0,0,0.0,0.0,0.0,0.0,0.0,0.0,0.0,0,0,0,0,0
T-52,Northern Ireland,CF-6,Union of European Football Associations,1.0,13,2,0.7071067811865476,1.0,1.7692307692307692,23,0,-0.7692307692307693,-10,0.23076923076923078,3,0.38461538461538464,0.38461538461538464,13,0.0,0,0,0,0,0,3,0.6666666666666666,2,1,2.0,-1.3333333333333333,0.0,0.3333333333333333,0.6666666666666666,-1,0,0,0,0,0,0.0,0.0,0.0,0.0,0.0,0.0,0.0,0,0,0,0,0
T-53,Norway,CF-6,Union of European Football Associations,2.0833333333333335,100,8,2.1221560025810495,1.0,1.25,60,0,0.8333333333333334,40,0.5625,27,0.10416666666666667,0.3333333333333333,48,0.041666666666666664,0,0,0,0,0,3,1.0,3,2,1.6666666666666667,-0.6666666666666666,0.6666666666666666,0.0,0.3333333333333333,-2,0,0,0,0,0,0.0,0.0,0.0,0.0,0.0,0.0,0.0,0,0,0,0,0
T-54,Panama,CF-3,"Confederation of North, Central American and Caribbean Association Football",0.6666666666666666,2,1,0.5773502691896258,1.0,3.6666666666666665,11,2,-3.0,-9,0.0,0,0.0,1.0,3,0.0,0,0,0,0,0,3,0.6666666666666666,2,1,3.6666666666666665,-3.0,0.0,0.0,1.0,1,0,0,0,0,0,0.0,0.0,0.0,0.0,0.0,0.0,0.0,0,0,0,0,0
T-55,Paraguay,CF-4,South American Football Confederation,1.1111111111111112,30,3,1.187542171990709,1.0,1.4074074074074074,38,0,-0.2962962962962963,-8,0.2962962962962963,8,0.3333333333333333,0.37037037037037035,27,0.037037037037037035,0,0,0,0,0,3,0.0,0,0,0.3333333333333333,-0.3333333333333333,0.3333333333333333,0.3333333333333333,0.3333333333333333,0,0,0,0,0,0,0.0,0.0,0.0,0.0,0.0,0.0,0.0,0,0,0,0,0
T-56,Peru,CF-4,South American Football Confederation,1.1666666666666667,21,4,1.3394467690277294,1.0,1.8333333333333333,33,0,-0.6666666666666666,-12,0.2777777777777778,5,0.16666666666666666,0.5555555555555556,18,0.0,0,0,0,0,0,3,0.6666666666666666,2,2,0.6666666666666666,0.0,0.3333333333333333,0.0,0.6666666666666666,2,0,0,0,0,0,0.0,0.0,0.0,0.0,0.0,0.0,0.0,0,0,0,0,0
T-57,Poland,CF-6,Union of European Football Associations,1.2894736842105263,49,7,1.6911198071075464,1.0,1.3157894736842106,50,0,-0.02631578947368421,-1,0.4473684210526316,17,0.15789473684210525,0.39473684210526316,38,0.0,0,0,0,0,0,3,1.0,3,2,1.6666666666666667,-0.6666666666666666,0.3333333333333333,0.0,0.6666666666666666,-1,0,0,0,0,0,0.0,0.0,0.0,0.0,0.0,0.0,0.0,0,0,0,0,0
T-58,Portugal,CF-6,Union of European Football Associations,1.7428571428571429,61,7,1.7378630749362536,1.0,1.1714285714285715,41,0,0.5714285714285714,20,0.5142857142857142,18,0.14285714285714285,0.34285714285714286,35,0.02857142857142857,0,0,0,0,0,3,2.3333333333333335,7,6,1.3333333333333333,1.0,0.3333333333333333,0.0,0.6666666666666666,-1,0,0,0,0,0,0.0,0.0,0.0,0.0,0.0,0.0,0.0,0,0,0,0,0
T-59,Qatar,CF-1,Asian Football Confederation,0.3333333333333333,1,1,0.5773502691896258,0.0,2.3333333333333335,7,2,-2.0,-6,0.0,0,0.0,1.0,3,0.0,0,0,0,0,0,3,0.3333333333333333,1,1,2.3333333333333335,-2.0,0.0,0.0,1.0,0,0,0,0,0,0,0.0,0.0,0.0,0.0,0.0,0.0,0.0,0,0,0,0,0
T-60,Republic of Ireland,CF-6,Union of European Football Associations,0.7692307692307693,10,3,0.8320502943378437,1.0,0.7692307692307693,10,0,0.0,0,0.23076923076923078,3,0.46153846153846156,0.3076923076923077,13,0.15384615384615385,0,0,0,0,0,3,1.6666666666666667,5,3,0.6666666666666666,1.0,0.3333333333333333,0.3333333333333333,0.3333333333333333,0,0,0,0,0,0,0.0,0.0,0.0,0.0,0.0,0.0,0.0,0,0,0,0,0
T-61,Romania,CF-6,Union of European Football Associations,1.4285714285714286,30,3,1.0281745265969475,1.0,1.5238095238095237,32,0,-0.09523809523809523,-2,0.38095238095238093,8,0.14285714285714285,0.47619047619047616,21,0.09523809523809523,0,0,0,0,0,3,1.0,3,2,1.0,0.0,0.3333333333333333,0.3333333333333333,0.3333333333333333,-2,0,0,0,0,0,0.0,0.0,0.0,0.0,0.0,0.0,0.0,0,0,0,0,0
T-62,Russia,CF-6,Union of European Football Associations,1.8181818181818181,40,6,1.8162327215148668,1.0,1.5454545454545454,34,0,0.2727272727272727,6,0.4090909090909091,9,0.09090909090909091,0.5,22,0.09090909090909091,0,0,0,0,0,3,1.0,3,2,2.0,-1.0,0.3333333333333333,0.0,0.6666666666666666,2,0,0,0,0,0,0.0,0.0,0.0,0.0,0.0,0.0,0.0,0,0,0,0,0
T-63,Saudi Arabia,CF-1,Asian Football Confederation,0.7368421052631579,14,2,0.8719139396343283,0.0,2.3157894736842106,44,0,-1.5789473684210527,-30,0.21052631578947367,4,0.10526315789473684,0.6842105263157895,19,0.0,0,0,0,0,0,3,1.0,3,2,1.6666666666666667,-0.6666666666666666,0.3333333333333333,0.0,0.6666666666666666,-1,0,0,0,0,0,0.0,0.0,0.0,0.0,0.0,0.0,0.0,0,0,0,0,0
T-64,Scotland,CF-6,Union of European Football Associations,1.1538461538461537,30,5,1.189699380257305,1.0,1.8461538461538463,48,0,-0.6923076923076923,-18,0.15384615384615385,4,0.3076923076923077,0.5384615384615384,26,0.0,0,0,0,0,0,3,1.6666666666666667,5,3,2.3333333333333335,-0.6666666666666666,0.0,0.3333333333333333,0.6666666666666666,2,0,0,0,0,0,0.0,0.0,0.0,0.0,0.0,0.0,0.0,0,0,0,0,0
T-65,Senegal,CF-2,Confederation of African Football,1.3333333333333333,16,3,1.1547005383792515,1.5,1.4166666666666667,17,0,-0.08333333333333333,-1,0.4166666666666667,5,0.25,0.3333333333333333,12,0.0,0,0,0,0,0,3,1.6666666666666667,5,3,1.6666666666666667,0.0,0.6666666666666666,0.0,0.3333333333333333,-3,0,0,0,0,0,0.0,0.0,0.0,0.0,0.0,0.0,0.0,0,0,0,0,0
T-66,Serbia,CF-6,Union of European Football Associations,1.0,9,3,1.0,1.0,1.6666666666666667,15,0,-0.6666666666666666,-6,0.2222222222222222,2,0.1111111111111111,0.6666666666666666,9,0.0,0,0,0,0,0,3,1.6666666666666667,5,3,2.6666666666666665,-1.0,0.0,0.3333333333333333,0.6666666666666666,2,0,0,0,0,0,0.0,0.0,0.0,0.0,0.0,0.0,0.0,0,0,0,0,0
T-67,Serbia and Montenegro,CF-6,Union of European Football Associations,0.6666666666666666,2,2,1.1547005383792517,0.0,3.3333333333333335,10,1,-2.6666666666666665,-8,0.0,0,0.0,1.0,3,0.0,0,0,0,0,0,3,0.6666666666666666,2,2,3.3333333333333335,-2.6666666666666665,0.0,0.0,1.0,2,0,0,0,0,0,0.0,0.0,0.0,0.0,0.0,0.0,0.0,0,0,0,0,0
T-68,Slovakia,CF-6,Union of European Football Associations,1.25,5,3,1.2583057392117916,1.0,1.75,7,1,-0.5,-2,0.25,1,0.25,0.5,4,0.0,0,0,0,0,0,3,1.3333333333333333,4,3,2.0,-0.6666666666666666,0.3333333333333333,0.0,0.6666666666666666,1,0,0,0,0,0,0.0,0.0,0.0,0.0,0.0,0.0,0.0,0,0,0,0,0
T-69,Slovenia,CF-6,Union of European Football Associations,0.8333333333333334,5,2,0.752772652709081,1.0,1.6666666666666667,10,0,-0.8333333333333334,-5,0.16666666666666666,1,0.16666666666666666,0.6666666666666666,6,0.0,0,0,0,0,0,3,1.0,3,2,1.0,0.0,0.3333333333333333,0.3333333333333333,0.3333333333333333,-1,0,0,0,0,0,0.0,0.0,0.0,0.0,0.0,0.0,0.0,0,0,0,0,0
T-70,South Africa,CF-2,Confederation of African Football,1.0,12,2,0.8528028654224418,1.0,2.0,24,0,-1.0,-12,0.16666666666666666,2,0.3333333333333333,0.5,12,0.0,0,0,0,0,0,3,0.3333333333333333,1,1,2.6666666666666665,-2.3333333333333335,0.0,0.0,1.0,-1,0,0,0,0,0,0.0,0.0,0.0,0.0,0.0,0.0,0.0,0,0,0,0,0
T-71,South Korea,CF-1,Asian Football Confederation,0.9375,45,2,0.8355467059789897,1.0,2.1875,105,0,-1.25,-60,0.1875,9,0.20833333333333334,0.6041666666666666,48,0.020833333333333332,0,0,0,0,0,3,1.6666666666666667,5,2,2.6666666666666665,-1.0,0.3333333333333333,0.0,0.6666666666666666,-1,0,0,0,0,0,0.0,0.0,0.0,0.0,0.0,0.0,0.0,0,0,0,0,0
T-72,Soviet Union,CF-6,Union of European Football Associations,1.7096774193548387,53,6,1.465003945093591,2.0,1.096774193548387,34,0,0.6129032258064516,19,0.4838709677419355,15,0.1935483870967742,0.3225806451612903,31,0.0,0,0,0,0,0,3,1.3333333333333333,4,4,1.3333333333333333,0.0,0.3333333333333333,0.0,0.6666666666666666,4,0,0,0,0,0,0.0,0.0,0.0,0.0,0.0,0.0,0.0,0,0,0,0,0
T-73,Spain,CF-6,Union of European Football Associations,1.5405405405405406,114,7,1.396563190446209,1.0,1.1216216216216217,83,0,0.4189189189189189,31,0.44594594594594594,33,0.1891891891891892,0.36486486486486486,74,0.06756756756756757,0,0,0,0,0,3,0.6666666666666666,2,1,1.0,-0.3333333333333333,0.0,0.3333333333333333,0.6666666666666666,-1,0,0,0,0,0,0.0,0.0,0.0,0.0,0.0,0.0,0.0,0,0,0,0,0
T-74,Sweden,CF-6,Union of European Football Associations,1.6593406593406594,151,8,1.4469875237101713,1.0,1.3296703296703296,121,0,0.32967032967032966,30,0.4725274725274725,43,0.17582417582417584,0.3516483516483517,91,0.02197802197802198,0,0,0,0,0,3,1.3333333333333333,4,2,1.0,0.3333333333333333,0.6666666666666666,0.0,0.3333333333333333,0,0,0,0,0,0,0.0,0.0,0.0,0.0,0.0,0.0,0.0,0,0,0,0,0
T-75,Switzerland,CF-6,Union of European Football Associations,1.4666666666666666,66,10,1.8659630708613129,1.0,1.7333333333333334,78,0,-0.26666666666666666,-12,0.3333333333333333,15,0.15555555555555556,0.5111111111111111,45,0.022222222222222223,0,0,0,0,0,3,1.3333333333333333,4,3,3.0,-1.6666666666666667,0.3333333333333333,0.0,0.6666666666666666,1,0,0,0,0,0,0.0,0.0,0.0,0.0,0.0,0.0,0.0,0,0,0,0,0
T-76,Thailand,CF-1,Asian Football Confederation,0.6666666666666666,4,3,1.2110601416389966,0.0,5.0,30,2,-4.333333333333333,-26,0.16666666666666666,1,0.0,0.8333333333333334,6,0.0,0,0,0,0,0,3,0.3333333333333333,1,1,6.666666666666667,-6.333333333333333,0.0,0.0,1.0,0,0,0,0,0,0,0.0,0.0,0.0,0.0,0.0,0.0,0.0,0,0,0,0,0
T-77,Togo,CF-2,Confederation of African Football,0.3333333333333333,1,1,0.5773502691896258,0.0,2.0,6,2,-1.6666666666666667,-5,0.0,0,0.0,1.0,3,0.0,0,0,0,0,0,3,0.3333333333333333,1,1,2.0,-1.6666666666666667,0.0,0.0,1.0,-1,0,0,0,0,0,0.0,0.0,0.0,0.0,0.0,0.0,0.0,0,0,0,0,0
T-78,Trinidad and Tobago,CF-3,"Confederation of North, Central American and Caribbean Association Football",0.0,0,0,0.0,0.0,1.3333333333333333,4,0,-1.3333333333333333,-4,0.0,0,0.3333333333333333,0.6666666666666666,3,0.0,0,0,0,0,0,3,0.0,0,0,1.3333333333333333,-1.3333333333333333,0.0,0.3333333333333333,0.6666666666666666,0,0,0,0,0,0,0.0,0.0,0.0,0.0,0.0,0.0,0.0,0,0,0,0,0
T-79,Tunisia,CF-2,Confederation of African Football,0.7777777777777778,14,3,0.9428090415820634,0.5,1.4444444444444444,26,0,-0.6666666666666666,-12,0.16666666666666666,3,0.2777777777777778,0.5555555555555556,18,0.0,0,0,0,0,0,3,0.3333333333333333,1,1,0.3333333333333333,0.0,0.3333333333333333,0.3333333333333333,0.3333333333333333,1,0,0,0,0,0,0.0,0.0,0.0,0.0,0.0,0.0,0.0,0,0,0,0,0
T-80,Turkey,CF-6,Union of European Football Associations,2.0,20,7,2.0,1.0,1.7,17,0,0.3,3,0.5,5,0.1,0.4,10,0.0,0,0,0,0,0,3,1.3333333333333333,4,3,1.0,0.3333333333333333,0.6666666666666666,0.0,0.3333333333333333,2,0,0,0,0,0,0.0,0.0,0.0,0.0,0.0,0.0,0.0,0,0,0,0,0
T-81,Ukraine,CF-6,Union of European Football Associations,1.0,5,4,1.7320508075688772,0.0,1.4,7,0,-0.4,-2,0.6,3,0.0,0.4,5,0.2,0,0,0,0,0,3,0.3333333333333333,1,1,1.0,-0.6666666666666666,0.6666666666666666,0.0,0.3333333333333333,-1,0,0,0,0,0,0.0,0.0,0.0,0.0,0.0,0.0,0.0,0,0,0,0,0
T-82,United Arab Emirates,CF-1,Asian Football Confederation,0.6666666666666666,2,1,0.5773502691896258,1.0,3.6666666666666665,11,2,-3.0,-9,0.0,0,0.0,1.0,3,0.0,0,0,0,0,0,3,0.6666666666666666,2,1,3.6666666666666665,-3.0,0.0,0.0,1.0,1,0,0,0,0,0,0.0,0.0,0.0,0.0,0.0,0.0,0.0,0,0,0,0,0
T-83,United States,CF-3,"Confederation of North, Central American and Caribbean Association Football",2.045977011494253,178,13,1.916319425096001,2.0,1.1954022988505748,104,0,0.8505747126436781,74,0.5862068965517241,51,0.12643678160919541,0.28735632183908044,87,0.034482758620689655,0,0,0,0,0,3,0.6666666666666666,2,1,1.0,-0.3333333333333333,0.3333333333333333,0.3333333333333333,0.3333333333333333,1,0,0,0,0,0,0.0,0.0,0.0,0.0,0.0,0.0,0.0,0,0,0,0,0
T-84,Uruguay,CF-4,South American Football Confederation,1.5084745762711864,89,8,1.7056991827191272,1.0,1.2881355932203389,76,0,0.22033898305084745,13,0.4406779661016949,26,0.2033898305084746,0.3559322033898305,59,0.01694915254237288,0,0,0,0,0,3,0.6666666666666666,2,2,0.6666666666666666,0.0,0.3333333333333333,0.3333333333333333,0.3333333333333333,2,0,0,0,0,0,0.0,0.0,0.0,0.0,0.0,0.0,0.0,0,0,0,0,0
T-85,Wales,CF-6,Union of European Football Associations,0.625,5,2,0.7440238091428449,0.5,1.25,10,0,-0.625,-5,0.125,1,0.5,0.375,8,0.0,0,0,0,0,0,3,0.3333333333333333,1,1,2.0,-1.6666666666666667,0.0,0.3333333333333333,0.6666666666666666,-1,0,0,0,0,0,0.0,0.0,0.0,0.0,0.0,0.0,0.0,0,0,0,0,0
T-86,West Germany,CF-6,Union of European Football Associations,2.1129032258064515,131,7,1.650681316957746,2.0,1.2419354838709677,77,0,0.8709677419354839,54,0.6290322580645161,39,0.1774193548387097,0.1935483870967742,62,0.04838709677419355,0,0,0,0,0,3,1.0,3,1,0.3333333333333333,0.6666666666666666,1.0,0.0,0.0,0,0,0,0,0,0,0.0,0.0,0.0,0.0,0.0,0.0,0.0,0,0,0,0,0
T-87,Yugoslavia,CF-6,Union of European Football Associations,1.6216216216216217,60,9,1.8310796959315707,1.0,1.2432432432432432,46,0,0.3783783783783784,14,0.43243243243243246,16,0.1891891891891892,0.3783783783783784,37,0.02702702702702703,0,0,0,0,0,3,1.3333333333333333,4,2,1.3333333333333333,0.0,0.3333333333333333,0.3333333333333333,0.3333333333333333,-1,0,0,0,0,0,0.0,0.0,0.0,0.0,0.0,0.0,0.0,0,0,0,0,0
T-88,Zaire,CF-2,Confederation of African Football,0.0,0,0,0.0,0.0,4.666666666666667,14,2,-4.666666666666667,-14,0.0,0,0.0,1.0,3,0.0,0,0,0,0,0,3,0.0,0,0,4.666666666666667,-4.666666666666667,0.0,0.0,1.0,0,0,0,0,0,0,0.0,0.0,0.0,0.0,0.0,0.0,0.0,0,0,0,0,0
